DAN,Danacord,DACOCD299,5709499299005,Various,Rarities of Piano Music 1987-88,Various,2,CD,2010,13.25,13.25,CN21,,,,,,,,,,
DAN,Danacord,DACOCD301,5709499301005,Brahms; Beethoven,2 Immortal Concerts Cophenhagen,Furtwangler; Busch; Ferrier; Danish Radio Orchestra; Vienna Philharmonic,1,CD,1988,13.25,13.25,CN21,,,,,,,,,,
DAN,Danacord,DACOCD303,5709499303009,Various,Great Musicians In Copenhagen,Horowitz; Piatigorsky; Serkin; Milstein; Landowska; Danish Radio Symphony Orhcestra; Bsuch; Malko,1,CD,2000,13.25,13.25,CN21,,,,,,,,,,
DAN,Danacord,DACOCD305,5709499305003,Mozart; Nielsen; Laub,Danish Spring Songs,Kirsten Vaupel,1,CD,2000,13.25,13.25,CN21,,,,,,,,,,
DAN,Danacord,DACOCD307,5709499307007,Brade; Downland; Pederson,King of Denmark's Delight,Consortium Hafniense,1,CD,1988,13.25,13.25,CN21,,,,,,,,,,
DAN,Danacord,DACOCD308,5709499308004,Schultz; Lewkovitch; Heise,Danish Partsongs,Radio Chamber Choir,1,CD,2000,13.25,13.25,CN21,,,,,,,,,,
DAN,Danacord,DACOCD309,5709499309001,Albeniz; Bach; Tchaikovsky,Marimba Classic,Kai Stensgaard,1,CD,1988,13.25,13.25,CN21,,,,,,,,,,
DAN,Danacord,DACOCD311-312,5709499311127,Verdi; Nessler; Heise; Gade,V1: Melchior Anthology,Lauritz Melchior,2,CD,1987,13.25,13.25,CN21,,,,,,,,,,
DAN,Danacord,DACOCD313-314,5709499313145,Wagner; Verdi; Strauss,V2: Melchior Anthology,Lauritz Melchior,2,CD,2000,13.25,13.25,CN21,,,,,,,,,,
DAN,Danacord,DACOCD315-316,5709499315163,Wagner; Meyerbeer; Verdi,V3: Melchior Anthology,Lauritz Melchior,2,CD,2000,13.25,13.25,CN21,,,,,,,,,,
DAN,Danacord,DACOCD317-318,5709499317181,"Wagner, Richard",V4: Melchior Anthology,Lauritz Melchior,2,CD,2000,13.25,13.25,CN21,,,,,,,,,,
DAN,Danacord,DACOCD319-321,5709499319215,"Wagner, Richard",V5: Melchior Anthology,Lauritz Melchior,3,CD,1987,26.51,26.51,CN41,,,,,,,,,,
DAN,Danacord,DACOCD322-324,5709499322246,"Wagner, Richard",V6: Melchior Anthology,Lauritz Melchior,3,CD,1987,26.51,26.51,CN41,,,,,,,,,,
DAN,Danacord,DACOCD325,5709499325001,Various,Melchoir & Flagstad Copenhagen,Melchoir; Flagstad,1,CD,1987,13.25,13.25,CN21,,,,,,,,,,
DAN,Danacord,DACOCD329,5709499329009,Frackenpohl; Monrad,Live in Japan,Horsholm Percussion & Marimba Ensemble,1,CD,1993,13.25,13.25,CN21,,,,,,,,,,
DAN,Danacord,DACOCD330,5709499330005,Bruch; Dvorak; Faure,Cello Favorites,Ullner; Malmo Symphony Orchestra; Westerberg,1,CD,2000,13.25,13.25,CN21,,,,,,,,,,
DAN,Danacord,DACOCD331-332,5709499331323,"Bach, J.S.",6 Cello Suites,Erling Blondal Bengtsson,2,CD,1995,26.51,26.51,CN41,,,,,,,,,,
DAN,Danacord,DACOCD333-334,5709499333341,"Beethoven, Ludwig van",Cello sonater,Bengtsson; Blyme,1,CD,2000,13.25,13.25,CN21,,,,,,,,,,
DAN,Danacord,DACOCD335,5709499335000,Bach; Villa-Lobos; Prokofiev,Bagatelles for Cello & Guitar,Bengtsson; Olsen,1,CD,1988,13.25,13.25,CN21,,,,,,,,,,
DAN,Danacord,DACOCD343,5709499343005,"Brahms, Johannes",Works Violin & Piano,Telmanyi; Vasarhelyi,1,CD,1994,13.25,13.25,CN21,,,,,,,,,,
DAN,Danacord,DACOCD344,5709499344002,Brade; Pederson; Dowland,Music at Hamlet's Castle,Consortium Hafniense,1,CD,1994,13.25,13.25,CN21,,,,,,,,,,
DAN,Danacord,DACOCD345,5709499345009,Mozart; Rodgers; Andersen,Glassisk Musik,Erik Hansen,1,CD,1995,13.25,13.25,CN21,,,,,,,,,,
DAN,Danacord,DACOCD347,5709499347003,Weyse; Nielsen; Laub,Danish Songs 1951-1953,Preben Torntoft,1,CD,1990,13.25,13.25,CN21,,,,,,,,,,
DAN,Danacord,DACOCD349,5709499349007,Alkan; Rachmaninoff; Sahr,Rarities Piano Music 1989,Various,1,CD,2002,13.25,13.25,CN21,,,,,,,,,,
DAN,Danacord,DACOCD351-353,5709499351536,"Nielsen, Carl",V1: Music of Carl Nielsen,Danish National Symphony Orchestra; Tuxen; Jensen; Grondahl,3,CD,1994,26.51,26.51,CN41,,,,,,,,,,
DAN,Danacord,DACOCD354-356,5709499354568,"Nielsen, Carl",V2: Music of Carl Nielsen,Telmanyi; Jensen; Schiotz,3,CD,1995,26.51,26.51,CN41,,,,,,,,,,
DAN,Danacord,DACOCD357-359,5709499357590,"Nielsen, Carl",V3: Music of Carl Nielsen,Andersson; Jensen; Grondahl,3,CD,1995,26.51,26.51,CN41,,,,,,,,,,
DAN,Danacord,DACOCD360-362,5709499360620,"Nielsen, Carl",V4: Music of Carl Nielsen,Royal Danish Wind Quintet; Telmanyi,3,CD,1996,26.51,26.51,CN41,,,,,,,,,,
DAN,Danacord,DACOCD363-364,5709499363645,"Nielsen, Carl",V5: Music of Carl Nielsen,Skjold Rasmussen; Videro; Koppel,2,CD,1996,13.25,13.25,CN21,,,,,,,,,,
DAN,Danacord,DACOCD365-367,5709499365670,"Nielsen, Carl",V6: Music of Carl Nielsen,Schiotz; Goeberg; Jensen,3,CD,1996,26.51,26.51,CN41,,,,,,,,,,
DAN,Danacord,DACOCD368,5709499368695,"Nielsen, Carl",Complete Works A Cappella,Canzone-Koret; Rasmussen,1,CD,1994,13.25,13.25,CN21,,,,,,,,,,
DAN,Danacord,DACOCD369,5709499369005,"Langgaard, Rued",V1: Works for Keyboard,Bengt Johnsson,1,CD,1994,13.25,13.25,CN21,,,,,,,,,,
DAN,Danacord,DACOCD370-371,5709499370711,Simonsen; Borresen; Sandby,Danish Symphonies Late Romantic,Danish Radio Symphony Orchestra; Grondahl,2,CD,1996,13.25,13.25,CN21,,,,,,,,,,
DAN,Danacord,DACOCD372,5709499372005,Reger; Ysaye,Bengtsson Plays Reger & Ysaye,Erling Blondal Bengtsson,1,CD,2003,13.25,13.25,CN21,,,,,,,,,,
DAN,Danacord,DACOCD373,5709499373002,Coste; Stravinsky; Haydn,Scherzo,Ratzkowski-Thomsen Guitar Duo,1,CD,1993,13.25,13.25,CN21,,,,,,,,,,
DAN,Danacord,DACOCD374,5709499374009,"Lange-Muller, P.E.",I Menneskers Dromme,Moller; Kirkenskov,1,CD,1993,13.25,13.25,CN21,,,,,,,,,,
DAN,Danacord,DACOCD375,5709499375006,"Sor, Fernando",Grand Solo,Ingolf Olsen,1,CD,1993,13.25,13.25,CN21,,,,,,,,,,
DAN,Danacord,DACOCD376,5709499376003,Various,Peter Fabricius' Lutebook,Cold; Buhl-Mortensen,1,CD,1993,13.25,13.25,CN21,,,,,,,,,,
DAN,Danacord,DACOCD377,5709499377000,"Svenningsen, Niels",Det er Danmark,Voldby; Kesseler,1,CD,1990,13.25,13.25,CN21,,,,,,,,,,
DAN,Danacord,DACOCD379,5709499379004,Various,Rarities of Piano Music 1990,Various,1,CD,1990,13.25,13.25,CN21,,,,,,,,,,
DAN,Danacord,DACOCD381,5709499381007,"Buxtehude, Dieterich",V1: Complete Organ Music,Inge Bonnerup,1,CD,1991,13.25,13.25,CN21,,,,,,,,,,
DAN,Danacord,DACOCD382,5709499382004,"Buxtehude, Dieterich",V2: Complete Organ Music,Inge Bonnerup,1,CD,1991,13.25,13.25,CN21,,,,,,,,,,
DAN,Danacord,DACOCD383,5709499383001,"Buxtehude, Dieterich",V3: Complete Organ Music,Inge Bonnerup,1,CD,1991,13.25,13.25,CN21,,,,,,,,,,
DAN,Danacord,DACOCD384,5709499384008,"Buxtehude, Dieterich",V4: Complete Organ Music,Inge Bonnerup,1,CD,1991,13.25,13.25,CN21,,,,,,,,,,
DAN,Danacord,DACOCD385,5709499385005,"Buxtehude, Dieterich",V5: Complete Organ Music,Inge Bonnerup,1,CD,1991,13.25,13.25,CN21,,,,,,,,,,
DAN,Danacord,DACOCD386,5709499386002,"Buxtehude, Dieterich",V6: Complete Organ Music,Inge Bonnerup,1,CD,1991,13.25,13.25,CN21,,,,,,,,,,
DAN,Danacord,DACOCD388,5709499388006,Various,Sensommer,The Nordic Fiddlers,1,CD,1991,13.25,13.25,CN21,,,,,,,,,,
DAN,Danacord,DACOCD389,5709499389003,Various,Rarities of Piano Music 1991,Various,1,CD,1992,13.25,13.25,CN21,,,,,,,,,,
DAN,Danacord,DACOCD390,5709499390009,Victoria; des Prez,Motets,Schola Cantorum Copenhagen; Lewkovitch,1,CD,1987,13.25,13.25,CN21,,,,,,,,,,
DAN,Danacord,DACOCD391,5709499391006,"Prokofiev, Sergei",V1: Piano Music,Oleg Marshev,1,CD,1993,13.25,13.25,CN21,,,,,,,,,,
DAN,Danacord,DACOCD392,5709499392003,"Prokofiev, Sergei",V2: Piano Music,Oleg Marshev,1,CD,1993,13.25,13.25,CN21,,,,,,,,,,
DAN,Danacord,DACOCD393,5709499393000,"Prokofiev, Sergei",V3: Piano Music,Oleg Marshev,1,CD,1995,13.25,13.25,CN21,,,,,,,,,,
DAN,Danacord,DACOCD394,5709499394007,"Prokofiev, Sergei",V4: Piano Music,Oleg Marshev,1,CD,1995,13.25,13.25,CN21,,,,,,,,,,
DAN,Danacord,DACOCD395,5709499395004,"Prokofiev, Sergei",V5: Piano Music,Oleg Marshev,1,CD,1995,13.25,13.25,CN21,,,,,,,,,,
DAN,Danacord,DACOCD396,5709499396001,"Schubert, Franz",Die Schone Mullerin,Severin; Kirkenskov,1,CD,1993,13.25,13.25,CN21,,,,,,,,,,
DAN,Danacord,DACOCD397,5709499397008,"Schubert, Franz",Winterreise,Severin; Kirkenskov,1,CD,1993,13.25,13.25,CN21,,,,,,,,,,
DAN,Danacord,DACOCD399,5709499399002,Various,Rarities of Piano Music 1992,Various,1,CD,1993,13.25,13.25,CN21,,,,,,,,,,
DAN,Danacord,DACOCD404,5709499404003,"Langgaard, Rued",V1: Complete Symphonies,Artur Rubinstein Philharmonic Orchestra; Stupel,1,CD,1998,13.25,13.25,CN21,,,,,,,,,,
DAN,Danacord,DACOCD405,5709499405000,"Langgaard, Rued",V2: Complete Symphonies,Artur Rubinstein Philharmonic Orchestra; Stupel,1,CD,1998,13.25,13.25,CN21,,,,,,,,,,
DAN,Danacord,DACOCD406,5709499406007,"Langgaard, Rued",V3: Complete Symphonies,Artur Rubinstein Philharmonic Orchestra; Stupel,1,CD,1998,13.25,13.25,CN21,,,,,,,,,,
DAN,Danacord,DACOCD407,5709499407004,"Langgaard, Rued",V4: Complete Symphonies,Artur Rubinstein Philharmonic Orchestra; Stupel,1,CD,1998,13.25,13.25,CN21,,,,,,,,,,
DAN,Danacord,DACOCD408,5709499408001,"Langgaard, Rued",V5: Complete Symphonies,Artur Rubinstein Philharmonic Orchestra; Stupel,1,CD,1991,13.25,13.25,CN21,,,,,,,,,,
DAN,Danacord,DACOCD409,5709499409008,"Langgaard, Rued",V6: Complete Symphonies,Artur Rubinstein Philharmonic Orchestra; Stupel,1,CD,1992,13.25,13.25,CN21,,,,,,,,,,
DAN,Danacord,DACOCD410,5709499410004,"Langgaard, Rued",V7: Complete Symphonies,Artur Rubinstein Philharmonic Orchestra; Stupel,1,CD,1998,13.25,13.25,CN21,,,,,,,,,,
DAN,Danacord,DACOCD411,5709499411001,"Rubinstein, Anton",Piano Concertos No. 3 & 4,Marshev; Stupel; Artur Rubinstein Philharmonic Orchestra,1,CD,1993,13.25,13.25,CN21,,,,,,,,,,
DAN,Danacord,DACOCD412,5709499412008,"Gershwin, George",American in Paris; Rhapsody in Blue,Madge; Stupel; Artur Rubinstein Philharmonic Orchestra,1,CD,2003,13.25,13.25,CN21,,,,,,,,,,
DAN,Danacord,DACOCD413,5709499413005,Schumann; Dvorak,Cello Concertos,Bengtsson; Stupel; Artur Rubinstein Philharmonic Orchestra,1,CD,2000,13.25,13.25,CN21,,,,,,,,,,
DAN,Danacord,DACOCD414,5709499414002,"Tchaikovsky, Pyotr Ilyich",Symphony No. 5; Capriccio Italien,Stupel; Artur Rubinstein Philharmonic Orchestra,1,CD,2000,13.25,13.25,CN21,,,,,,,,,,
DAN,Danacord,DACOCD415,5709499415009,"Maegaard, Jan",Violin Concerto; Cello Concerto,Bengtsson; Kontra; Veto; Aalborg Symphony Orchestra,1,CD,1996,13.25,13.25,CN21,,,,,,,,,,
DAN,Danacord,DACOCD416,5709499416006,Haydn; Bocchereini,Cello Concertos,Bengtsson; Stupel; Artur Rubinstein Philharmonic Orchestra,1,CD,1993,13.25,13.25,CN21,,,,,,,,,,
DAN,Danacord,DACOCD417,5709499417003,"Schierbeck, Poul",Symphony 1921; Radio-Rhapsody,Stupel; Artur Rubinstein Philharmonic Orchestra,1,CD,1993,13.25,13.25,CN21,,,,,,,,,,
DAN,Danacord,DACOCD419,5709499419007,Various,Rarities of Piano Music 1993,Various,1,CD,1999,13.25,13.25,CN21,,,,,,,,,,
DAN,Danacord,DACOCD420,5709499420003,Sibelius; Lindberg; Slogedal,Nordic Organ Impressions,Dagmar Koptein,1,CD,1994,13.25,13.25,CN21,,,,,,,,,,
DAN,Danacord,DACOCD422,5709499422007,Lalo; Saint-Saens; Tchaikovsky,Cello Concertos,Bengtsson; Stupel; Artur Rubinstein Philharmonic Orchestra,1,CD,1994,13.25,13.25,CN21,,,,,,,,,,
DAN,Danacord,DACOCD423,5709499423004,Saariaho; Alsted; Becker,New Nordic Chamber Music,Warme-Quartet,1,CD,1994,13.25,13.25,CN21,,,,,,,,,,
DAN,Danacord,DACOCD424,5709499424001,Cimarosa; Rung; Paganini,Thorvaldsen & the Music,Dam-Jensen; Astrand; Nygaard; Dreier; Christiansen; Olsen,1,CD,1995,13.25,13.25,CN21,,,,,,,,,,
DAN,Danacord,DACOCD425,5709499425008,Hindemith; Henze; Kodaly,Cello Sonata; Intermezzo E Adagio,Erling Blondal Bengtsson,1,CD,1995,13.25,13.25,CN21,,,,,,,,,,
DAN,Danacord,DACOCD426,5709499426005,Hassler; Klug; Isaak; Nicolai,How Shall I Meet,Ingolf Olsen,1,CD,1997,13.25,13.25,CN21,,,,,,,,,,
DAN,Danacord,DACOCD427,5709499427002,"Lewkovitch, Bernhard",3 Madrigals; Improperia Per Voci,Schola Cantorum; Gregoriana Copehnahgen; Lewkovitch,1,CD,1995,13.25,13.25,CN21,,,,,,,,,,
DAN,Danacord,DACOCD429,5709499429006,Various,Rarities of Piano Music 1994,Various,1,CD,1999,13.25,13.25,CN21,,,,,,,,,,
DAN,Danacord,DACOCD430,5709499430002,"Langgaard, Rued",Piano Music,Peter Froundjian,1,CD,1999,13.25,13.25,CN21,,,,,,,,,,
DAN,Danacord,DACOCD431,5709499431009,"Krygell, Johan Adam",Organ Works,Gunnar Svensson,1,CD,1998,13.25,13.25,CN21,,,,,,,,,,
DAN,Danacord,DACOCD433,5709499433003,Granados; Sor; Wagner,Cartas de Amor,Ratzkowski-Thomsen Guitar Duo,1,CD,1994,13.25,13.25,CN21,,,,,,,,,,
DAN,Danacord,DACOCD434-435,5709499434352,Various,Danish Piano Miniatures,Eric Fessel,2,CD,2000,13.25,13.25,CN21,,,,,,,,,,
DAN,Danacord,DACOCD436-437,5709499436707,"Bendix, Victor",Complete Symphonies,Omsk Philharmonic Orchestra,2,CD,1999,26.51,26.51,CN41,,,,,,,,,,
DAN,Danacord,DACOCD438,5709499438008,Norgard; Gudmundsen-Holmgreen,Contemporary Danish Music,Stavad; Bevan; Zeuthen; Christiansen,1,CD,2001,13.25,13.25,CN21,,,,,,,,,,
DAN,Danacord,DACOCD439,5709499439005,Monteverdi; Mozart; Schubert,A Recital,Stavad; Lonskov; Christensen,1,CD,2002,13.25,13.25,CN21,,,,,,,,,,
DAN,Danacord,DACOCD440,5709499440001,"Strauss, Richard",Sonata Op. 5; Piano Pieces Op. 3 & 9,Oleg Marshev,1,CD,1997,13.25,13.25,CN21,,,,,,,,,,
DAN,Danacord,DACOCD441,5709499441008,Heise; Nielsen; Grieg; Sibelius,Nordic Romantic Songs,Severin; Kirkenskov,1,CD,1996,13.25,13.25,CN21,,,,,,,,,,
DAN,Danacord,DACOCD442-443,5709499442432,Various,V1: 3 Great Danish Woman Pianists,Stockmarr; Ellegaard; Werschenska,2,CD,1997,13.25,13.25,CN21,,,,,,,,,,
DAN,Danacord,DACOCD445,5709499445006,Matthison-Hansen,Organ Works,Gunnar Svensson,1,CD,1996,13.25,13.25,CN21,,,,,,,,,,
DAN,Danacord,DACOCD446,5709499446003,"Heise, Peter",Sange og romancer,Lange; Oland,1,CD,1998,13.25,13.25,CN21,,,,,,,,,,
DAN,Danacord,DACOCD447,5709499447000,Matthison-Hansen; Nielsen,Concert for Organ; Commotio,Grethe Krogh,1,CD,1997,13.25,13.25,CN21,,,,,,,,,,
DAN,Danacord,DACOCD448,5709499448007,Gebauer; Henriques; Wellejus,Poems by Hans Christian Andersen,Annie Birgit Garde,1,CD,1996,13.25,13.25,CN21,,,,,,,,,,
DAN,Danacord,DACOCD449,5709499449004,Various,Rarities of Piano Music 1995,Various,1,CD,1996,13.25,13.25,CN21,,,,,,,,,,
DAN,Danacord,DACOCD450,5709499450000,"Pabst, Pavel",Opera & Ballet Paraphrases,Oleg Marshev,1,CD,1997,13.25,13.25,CN21,,,,,,,,,,
DAN,Danacord,DACOCD451,5709499451007,Various,V1: Complete Aksel Schiotz,Aksel Schiotz,1,CD,2007,13.25,13.25,CN21,,,,,,,,,,
DAN,Danacord,DACOCD452,5709499452004,Various,V2: Complete Aksel Schiotz,Aksel Schiotz,1,CD,1996,13.25,13.25,CN21,,,,,,,,,,
DAN,Danacord,DACOCD453,5709499453001,Various,V3: Complete Aksel Schiotz,Aksel Schiotz,1,CD,1996,13.25,13.25,CN21,,,,,,,,,,
DAN,Danacord,DACOCD454,5709499454008,Various,V4: Complete Aksel Schiotz,Aksel Schiotz,1,CD,1997,13.25,13.25,CN21,,,,,,,,,,
DAN,Danacord,DACOCD455,5709499455005,Various,V5: Complete Aksel Schiotz,Aksel Schiotz,1,CD,1997,13.25,13.25,CN21,,,,,,,,,,
DAN,Danacord,DACOCD456,5709499456002,Various,V6: Complete Aksel Schiotz,Aksel Schiotz,1,CD,2007,13.25,13.25,CN21,,,,,,,,,,
DAN,Danacord,DACOCD457,5709499457009,Various,V7: Complete Aksel Schiotz,Aksel Schiotz,1,CD,2007,13.25,13.25,CN21,,,,,,,,,,
DAN,Danacord,DACOCD458,5709499458006,Various,V8: Complete Aksel Schiotz,Aksel Schiotz,2,CD,1998,13.25,13.25,CN21,,,,,,,,,,
DAN,Danacord,DACOCD459,5709499459003,Various,V9: Complete Aksel Schiotz,Aksel Schiotz,1,CD,1998,13.25,13.25,CN21,,,,,,,,,,
DAN,Danacord,DACOCD460,5709499460009,Various,V10: Complete Aksel Schiotz,Aksel Schiotz,1,CD,1998,13.25,13.25,CN21,,,,,,,,,,
DAN,Danacord,DACOCD461-462,5709499461624,Schall; Gade; Grondahl,V1-2: Danish Violin Concertos,Kai Laursen,2,CD,2009,26.51,26.51,CN41,,,,,,,,,,
DAN,Danacord,DACOCD463-464,5709499463642,Svendsen; Holm; Gade,V3-4: Danish Violin Concertos,Kai Laursen,2,CD,2009,13.25,13.25,CN21,,,,,,,,,,
DAN,Danacord,DACOCD465-466,5709499465660,Enna; Borresen; Salomon,V5-6: Danish Violin Concertos,Kai Laursen,2,CD,2009,13.25,13.25,CN21,,,,,,,,,,
DAN,Danacord,DACOCD467-468,5709499467688,Gade; Nielsen; Malling,V7-8: Danish Violin Concertos,Kai Laursen,2,CD,2009,13.25,13.25,CN21,,,,,,,,,,
DAN,Danacord,DACOCD469-470,5709499469705,Andersen; Bentzon; Emborg,V9-10: Danish Violin Concertos,Kai Laursen,2,CD,2009,26.51,26.51,CN41,,,,,,,,,,
DAN,Danacord,DACOCD471,5709499471005,"Ponchielli, Amilcare",Il Convegno,Ormand; Jennings; Sargous; Chodacki; Nel; Buyse; Katz; Lithuanian National Philharmonic; Domarkas,1,CD,1996,13.25,13.25,CN21,,,,,,,,,,
DAN,Danacord,DACOCD472,5709499472002,Nielsen; Schierbeck; Dalberg,Songs by Nielsen & His Pupils,Bertelsen; Lonskov,1,CD,1998,13.25,13.25,CN21,,,,,,,,,,
DAN,Danacord,DACOCD473,5709499473009,Schrader; Dieupart; Fibiger,Court Chapel of Frederik IV,Christensen; Westheimer; Buhl-Mortensen; Rasmussen; Mangor,1,CD,1997,13.25,13.25,CN21,,,,,,,,,,
DAN,Danacord,DACOCD474,5709499474006,Joplin; Ratzkowski; Thomsen,Ragtime,Ratzkowski-Thomsen Guitar Duo,1,CD,1997,13.25,13.25,CN21,,,,,,,,,,
DAN,Danacord,DACOCD475,5709499475003,"Lewkovitch, Bernhard",4 Piano Sonatas; Dance Suites,Anker Blyme,1,CD,1997,13.25,13.25,CN21,,,,,,,,,,
DAN,Danacord,DACOCD476,5709499476000,"Messiaen, Olivier",La Nativite Du Seigneur,Inge Bonnerup,1,CD,1997,13.25,13.25,CN21,,,,,,,,,,
DAN,Danacord,DACOCD477,5709499477007,Buxtehude; Bach; Bruhns,Buxtehude & His Pupils,Hans Helmut Tillmanns,1,CD,1998,13.25,13.25,CN21,,,,,,,,,,
DAN,Danacord,DACOCD478,5709499478004,Piatti; Bentzon,12 Caprices; 16 Etudes,Erling Blondal Bengtsson,1,CD,1997,13.25,13.25,CN21,,,,,,,,,,
DAN,Danacord,DACOCD479,5709499479001,Various,Rarities of Piano Music 1996,Various,2,CD,1999,13.25,13.25,CN21,,,,,,,,,,
DAN,Danacord,DACOCD480,5709499480007,"Hamerik, Ebbe",Marie Grubbe,Frey; Wedel; Larsen; Moller; Danish National Radio Symphony Orchestra & Choir; Lundqvist,1,CD,1998,13.25,13.25,CN21,,,,,,,,,,
DAN,Danacord,DACOCD481-482,5709499481820,Various,V2: 3 Great Danish Woman Pianists,Stockmarr; Ellegaard; Werschenska,2,CD,1997,13.25,13.25,CN21,,,,,,,,,,
DAN,Danacord,DACOCD483,5709499483008,Wild; Bach; Balakirev,Virtuoso Piano Rarities,Daniel Berman,1,CD,1992,13.25,13.25,CN21,,,,,,,,,,
DAN,Danacord,DACOCD485-486,5709499485866,"Langgaard, Rued",Messis; In Tenebras Exteriores,Flemming Dreisig,2,CD,1998,26.51,26.51,CN41,,,,,,,,,,
DAN,Danacord,DACOCD487,5709499487006,"Sauer, Emil von",V1: Complete Piano Music,Oleg Marshev,1,CD,2000,13.25,13.25,CN21,,,,,,,,,,
DAN,Danacord,DACOCD488,5709499488003,"Sauer, Emil von",V2: Complete Piano Music,Oleg Marshev,1,CD,2004,13.25,13.25,CN21,,,,,,,,,,
DAN,Danacord,DACOCD489,5709499489000,Various,Rarities of Piano Music 1997,Various,1,CD,1999,13.25,13.25,CN21,,,,,,,,,,
DAN,Danacord,DACOCD490,5709499490006,Couperin; Hanff; Bach,Organ Music in the 17th-19th C.,Hans Helmut Tillmanns,1,CD,1998,13.25,13.25,CN21,,,,,,,,,,
DAN,Danacord,DACOCD491-492,5709499491201,"Liszt; Saint-Saens,; Grieg,",Great Danish Pianist,Victor Schioler,2,CD,1998,26.51,26.51,CN41,,,,,,,,,,
DAN,Danacord,DACOCD495-496,5709499495605,Vingsand; Dal; Bolstad,Under Himlens Faeste,Nordiske Spillemaend; Sjoberg,2,CD,1998,26.51,26.51,CN41,,,,,,,,,,
DAN,Danacord,DACOCD497,5709499497005,Kuhlau; Tarp; Massenet; Elgar,T. Jensen 1948 & 51 Recordings,Jensen; Aarhus Civic Orchestra,1,CD,2000,13.25,13.25,CN21,,,,,,,,,,
DAN,Danacord,DACOCD498-499,5709499498996,"Nielsen, Carl",Complete Piano Music,Mina Miller,2,CD,1998,13.25,13.25,CN21,,,,,,,,,,
DAN,Danacord,DACOCD500,5709499500002,Moller; Schmidt; Madsen,Contemporary Danish Hymns,Rummel; Jensen,1,CD,1998,13.25,13.25,CN21,,,,,,,,,,
DAN,Danacord,DACOCD501,5709499501009,Jersild; Lorentzen,Alice in Wonderland; Comics,Aarhus Symphony Orchestra; Rasmussen,1,CD,1998,13.25,13.25,CN21,,,,,,,,,,
DAN,Danacord,DACOCD502,5709499502006,"Holmboe, Vagn",Works for Piano,Anker Blyme,1,CD,2000,13.25,13.25,CN21,,,,,,,,,,
DAN,Danacord,DACOCD503,5709499503003,"Lumbye, H.C.",Orchestral Music,Jensen; Tivoli Symphony Orchestra,1,CD,2000,13.25,13.25,CN21,,,,,,,,,,
DAN,Danacord,DACOCD504,5709499504000,Weyse; Dupuy; Heise,Lyrical Soprano Danish Royal Opera,Edith Oldrup,1,CD,2001,13.25,13.25,CN21,,,,,,,,,,
DAN,Danacord,DACOCD505,5709499505007,"Debussy, Claude",24 Preludes,Anker Blyme,1,CD,2000,13.25,13.25,CN21,,,,,,,,,,
DAN,Danacord,DACOCD506,5709499506004,Hovhaness; Norholm; Harmann,Original Works Flute & Organ,Duo Alain,1,CD,2009,13.25,13.25,CN21,,,,,,,,,,
DAN,Danacord,DACOCD507,5709499507001,"Hamerik, Ebbe",Rejsekammeraten,"Hedegaard; Guillaume; Keiling; Waage; Danish Philharmonic Orchestra, South Jutland; Cristofoli",1,CD,1998,13.25,13.25,CN21,,,,,,,,,,
DAN,Danacord,DACOCD508,5709499508008,"Harmann, J.P.E.; Harmann, E.",V1: Harmonious Families,"Dinitzen; Danish Philarmonic Orchestra, South Jutland; Wallez",1,CD,1999,13.25,13.25,CN21,,,,,,,,,,
DAN,Danacord,DACOCD509,5709499509005,"Mozart, W.A.",Fantasia in C minor; 3 Sonatas,Eyvind Moller,1,CD,1999,13.25,13.25,CN21,,,,,,,,,,
DAN,Danacord,DACOCD510,5709499510001,"Gade, N.; Gade, A.",V2: Harmonious Families,"Astrand Danish Philharmonic Orchestra, South Jutland; Brown",1,CD,1999,13.25,13.25,CN21,,,,,,,,,,
DAN,Danacord,DACOCD511-512,5709499511121,Bizet; Gershwin; Handel,Danish Mezzo-Soprano 20th C.,Else Brems,2,CD,1999,26.51,26.51,CN41,,,,,,,,,,
DAN,Danacord,DACOCD513,5709499513002,"Schmidt, Ole",Concertos for Brass Instruments,Hovaldt; Svanberg; Lind; Fosdal; Aarhus Symphony Orchestra; Schmidt,1,CD,1999,13.25,13.25,CN21,,,,,,,,,,
DAN,Danacord,DACOCD514,5709499514009,"Couperin, Francois",Organ Mass Parish Churches,Gunnar Svensson,1,CD,1999,13.25,13.25,CN21,,,,,,,,,,
DAN,Danacord,DACOCD515,5709499515006,"Couperin, Francois",Organ Mass Abbey Churches,Gunnar Svensson,1,CD,1999,13.25,13.25,CN21,,,,,,,,,,
DAN,Danacord,DACOCD516,5709499516003,"Brahms, Johannes",Brahms Sonatas,Bengtsson; Kavtaradze,1,CD,1999,13.25,13.25,CN21,,,,,,,,,,
DAN,Danacord,DACOCD517,5709499517000,"Langgaard, Rued",Antichrist,Innsbruck Symphony Orchestra; Muus; Tiroler Landestheater Chorus,2,CD,1999,13.25,13.25,CN21,,,,,,,,,,
DAN,Danacord,DACOCD518,5709499518007,"Bentzon, Niels Viggo",Organisazione Populare,Flemming Dreisig,1,CD,1999,13.25,13.25,CN21,,,,,,,,,,
DAN,Danacord,DACOCD519,5709499519004,Various,Rarities of Piano Music 1998,Various,1,CD,1999,13.25,13.25,CN21,,,,,,,,,,
DAN,Danacord,DACOCD520,5709499520000,Magle; Nielsen; Birtten,Caeciliemusik,Various,1,CD,1999,13.25,13.25,CN21,,,,,,,,,,
DAN,Danacord,DACOCD521-522,5709499521205,Various,3 Great Danish Pioneer Pianists,Bentzon; Harder; Jensen,2,CD,1999,26.51,26.51,CN41,,,,,,,,,,
DAN,Danacord,DACOCD523-524,5709499523247,Nielsen; Sibelius; Riisager,V1: Scandinavian Classics,Thomas Jensen,2,CD,2000,13.25,13.25,CN21,,,,,,,,,,
DAN,Danacord,DACOCD525,5709499525005,"Rachmaninoff, Sergei",Variations On A Theme of Corelli,Oleg Marshev,1,CD,1999,13.25,13.25,CN21,,,,,,,,,,
DAN,Danacord,DACOCD526,5709499526002,"Hamerik, A.; Hamerik, E.",V3: Harmonious Families,"Steensgaard; Frederiksen; Danish Philharmonic Orchestra, South Jutland; Atzmon",1,CD,1999,13.25,13.25,CN21,,,,,,,,,,
DAN,Danacord,DACOCD527,5709499527009,"Bach, J.S.",Choral Preludes & Settings,Hans Helmut Tillmanns,1,CD,1999,13.25,13.25,CN21,,,,,,,,,,
DAN,Danacord,DACOCD528,5709499528006,"Bach, J.S.",Toccatas & Fugues,Hans Helmut Tillmanns,1,CD,1999,13.25,13.25,CN21,,,,,,,,,,
DAN,Danacord,DACOCD529,5709499529003,Various,Baroque & Romantic Era,Hans Helmut Tillmanns,1,CD,1999,13.25,13.25,CN21,,,,,,,,,,
DAN,Danacord,DACOCD530,5709499530009,Liszt; Pixis; Herz; Czerny,Hexameron,Oleg Marshev,1,CD,2002,13.25,13.25,CN21,,,,,,,,,,
DAN,Danacord,DACOCD531,5709499531006,"Bentzon, Niels Viggo",Toccata;  Partita; Woodcuts,Anker Blyme,1,CD,2000,13.25,13.25,CN21,,,,,,,,,,
DAN,Danacord,DACOCD532,5709499532003,Jeppsson; Rise; Alsted,New Baltic & Nordic Chamber,Warme-Quartet,1,CD,2000,13.25,13.25,CN21,,,,,,,,,,
DAN,Danacord,DACOCD533,5709499533000,"Sauer, Emil von",V3: Complete Piano Music,Oleg Marshev,1,CD,2000,13.25,13.25,CN21,,,,,,,,,,
DAN,Danacord,DACOCD534,5709499534007,"Sauer, Emil von",V4: Complete Piano Music,Oleg Marshev,1,CD,2000,13.25,13.25,CN21,,,,,,,,,,
DAN,Danacord,DACOCD535,5709499535004,"Langgaard, S.; Langgaard, R.",V4: Harmonious Families,"Marshev; Danish Philharmonic Orchestra, South Jutland; Aeschbacher",1,CD,2000,13.25,13.25,CN21,,,,,,,,,,
DAN,Danacord,DACOCD536,5709499536001,"Delius, Frederick",Danish Masterworks,Bonde-Hansen; Reuter; Aarhus Symphony Orchestra; Danish National Opera Chorus; Aarhus Chamber Choir; Holten,1,CD,2000,13.25,13.25,CN21,,,,,,,,,,
DAN,Danacord,DACOCD537,5709499537008,"Helsted, C.; Helsted, G.",V5: Harmonious Families,"Thomsen; Madsen; Danish Philharmonic Orchestra, South Jutland; Bellincampi",1,CD,2001,13.25,13.25,CN21,,,,,,,,,,
DAN,Danacord,DACOCD538,5709499538005,Spohr; Kalliwoda; Schubert,"Of Shepherds, Romance & Love",Broxholm; Katz; Ormand,1,CD,2000,13.25,13.25,CN21,,,,,,,,,,
DAN,Danacord,DACOCD539,5709499539002,Various,Rarities of Piano Music 1999,Various,1,CD,2001,13.25,13.25,CN21,,,,,,,,,,
DAN,Danacord,DACOCD540,5709499540008,Buxtehude; Lubeck; Bohm,Norwegian German Organ Music,Hans Helmut Tillmanns,1,CD,2000,13.25,13.25,CN21,,,,,,,,,,
DAN,Danacord,DACOCD541,5709499541005,"Glass, Louis",Symphony No. 4,Todorov; Plovdiv Philharmonic Orchestra,1,CD,2000,13.25,13.25,CN21,,,,,,,,,,
DAN,Danacord,DACOCD542,5709499542002,"Glass, Louis",Symphony No. 3 & 6,Todorov; Plovdiv Philharmonic Orchestra,1,CD,2000,13.25,13.25,CN21,,,,,,,,,,
DAN,Danacord,DACOCD544,5709499544006,"Glass, Louis",Symphony No. 1 & 5,Todorov; Plovdiv Philharmonic Orchestra,2,CD,2001,13.25,13.25,CN21,,,,,,,,,,
DAN,Danacord,DACOCD545,5709499545003,Various,"Italy, Germany, France Organ Music",Hans Helmut Tillmanns,1,CD,2000,13.25,13.25,CN21,,,,,,,,,,
DAN,Danacord,DACOCD546,5709499546000,Langgaard; Holmboe; Haumann,Enchanting Music,Coro Misto; Birch,1,CD,2000,13.25,13.25,CN21,,,,,,,,,,
DAN,Danacord,DACOCD547,5709499547007,Barsanti; Babell; Handel,The Food of Love,Duo al Dente,1,CD,2000,13.25,13.25,CN21,,,,,,,,,,
DAN,Danacord,DACOCD548,5709499548004,Barber; Debussy; Prokofiev,Cello Sonatas,Bengtsson; Kavtaradze,1,CD,2001,13.25,13.25,CN21,,,,,,,,,,
DAN,Danacord,DACOCD549-550,5709499549506,Beethoven; Dvorak; Svendsen,The Danish Connection,Malko; Danish State Broadcasting Orchestra,2,CD,2001,13.25,13.25,CN21,,,,,,,,,,
DAN,Danacord,DACOCD551,5709499551004,"Mussorgsky, Modest",V1: Complete Piano Works,Nina Kavtaradze,1,CD,2000,13.25,13.25,CN21,,,,,,,,,,
DAN,Danacord,DACOCD552,5709499552001,"Mussorgsky, Modest",V2: Complete Piano Works,Nina Kavtaradze,1,CD,2001,13.25,13.25,CN21,,,,,,,,,,
DAN,Danacord,DACOCD553,5709499553008,Rossini; Mozart; Gounod; Bizet,Great Danish Bass-Baritone,Frans Andersson,1,CD,2000,13.25,13.25,CN21,,,,,,,,,,
DAN,Danacord,DACOCD554,5709499554005,Sibelius; Nordheim; Rosenberg,The Nordic Cello,Erling Blondal Bengtsson,1,CD,2001,13.25,13.25,CN21,,,,,,,,,,
DAN,Danacord,DACOCD555,5709499555002,"Borg, Matti",Lykkedag,Ravn; De Nordiske Spillemaend,1,CD,2000,13.25,13.25,CN21,,,,,,,,,,
DAN,Danacord,DACOCD556,5709499556009,"Bach, J.S.",Selbiger plays Harpsichord,Liselotte Selbiger,1,CD,2001,13.25,13.25,CN21,,,,,,,,,,
DAN,Danacord,DACOCD557,5709499557006,"Bach, J.S.",Organ Works,Hans Helmut Tillmanns,1,CD,2001,13.25,13.25,CN21,,,,,,,,,,
DAN,Danacord,DACOCD558,5709499558003,Lange-Muller; Hartmann,Nordisk Romantik,Jutland Academic Choir,1,CD,2005,13.25,13.25,CN21,,,,,,,,,,
DAN,Danacord,DACOCD559,5709499559000,Various,Rarities of Piano Music 2000,Various,1,CD,2000,13.25,13.25,CN21,,,,,,,,,,
DAN,Danacord,DACOCD560,5709499560006,"Langgaard, Rued","Symphonies Nos. 4, 6, 10 & 14",Frandsen; Schonwandt; Schmidt; Danish National Radio Symphony Orchestra,2,CD,2001,26.51,26.51,CN41,,,,,,,,,,
DAN,Danacord,DACOCD561-562,5709499561621,"Koppel, Herman D.",V1: Composer & Pianist,Herman D. Koppel,2,CD,2001,13.25,13.25,CN21,,,,,,,,,,
DAN,Danacord,DACOCD563-564,5709499563649,"Koppel, Herman D.",V2: Composer & Pianist,Herman D. Koppel,2,CD,2002,13.25,13.25,CN21,,,,,,,,,,
DAN,Danacord,DACOCD565-566,5709499565667,"Koppel, Herman D.",V3: Composer & Pianist,Herman D. Koppel,2,CD,2003,13.25,13.25,CN21,,,,,,,,,,
DAN,Danacord,DACOCD567-568,5709499567685,"Koppel, Herman D.",V4: Composer & Pianist,Herman D. Koppel,2,CD,2006,13.25,13.25,CN21,,,,,,,,,,
DAN,Danacord,DACOCD569-570,5709499569702,"Koppel, Herman D.",V5: Composer & Pianist,Herman D. Koppel,2,CD,2008,13.25,13.25,CN21,,,,,,,,,,
DAN,Danacord,DACOCD571-572,5709499571729,"Koppel, Herman D.",V6: Composer & Pianist,Herman D. Koppel,2,CD,2009,13.25,13.25,CN21,,,,,,,,,,
DAN,Danacord,DACOCD581,5709499581001,Winding; Harmann,V2: Danish Piano Concertos,"Marshev; Danish Philharmonic Orchestra, South Jutland; Aeschbacher",1,CD,2001,13.25,13.25,CN21,,,,,,,,,,
DAN,Danacord,DACOCD582-583,5709499582831,"Rachmaninoff, Sergei",4 Piano Concertos; Paganini Rhapsody,Marshev; Aarhus Symphony Orchestra; Loughran,3,CD,2002,26.51,26.51,CN41,,,,,,,,,,
DAN,Danacord,DACOCD584-585,5709499584859,"Prokofiev, Sergei",5 Piano Concertos,Marshev; South Jutland Symphony Orchestra; Willen,2,CD,2005,26.51,26.51,CN41,,,,,,,,,,
DAN,Danacord,DACOCD586-587,5709499586877,"Tchaikovsky, Pyotr Ilyich",3 Piano Concertos,Marshev; Aalborg Symphony Orchestra; Hughes,2,CD,2007,26.51,26.51,CN41,,,,,,,,,,
DAN,Danacord,DACOCD588,5709499588000,"Nielsen, Carl",Early Songs; Violin Sonata,Holten; Odense Symphony Orchestra; Hansen; Bonde-Hansen,1,CD,2002,13.25,13.25,CN21,,,,,,,,,,
DAN,Danacord,DACOCD589,5709499589007,Various,Rarities of Piano Music 2001,Various,1,CD,2002,13.25,13.25,CN21,,,,,,,,,,
DAN,Danacord,DACOCD590,5709499590003,"Bach, J.S.",Organ Works,Hans Helmut Tillmanns,1,CD,2000,13.25,13.25,CN21,,,,,,,,,,
DAN,Danacord,DACOCD591,5709499591000,"Pedersen, Gunner Moller",Die Rattin,Larsen; Domino Ensemble; Nakskov St. Nicholas Church Chamber Chorus,1,CD,2001,13.25,13.25,CN21,,,,,,,,,,
DAN,Danacord,DACOCD592,5709499592007,"Delius, Frederick",Norwegian Masterworks,Bonde-Hansen; Aarhus Symphony Orchestra; Holten,1,CD,2002,13.25,13.25,CN21,,,,,,,,,,
DAN,Danacord,DACOCD593,5709499593004,Hegner; Neruda; Glass,Legend,Knudsen; Munk,1,CD,2002,13.25,13.25,CN21,,,,,,,,,,
DAN,Danacord,DACOCD594,5709499594001,Norgard; Weis; Lorentzen,Early Morn,Moldrup; Zeuthen,1,CD,2000,13.25,13.25,CN21,,,,,,,,,,
DAN,Danacord,DACOCD595,5709499595008,"Sauer, Emil von",V5: Complete Piano Music,Oleg Marshev,1,CD,2003,13.25,13.25,CN21,,,,,,,,,,
DAN,Danacord,DACOCD596,5709499596005,"Sauer, Emil von",V6: Complete Piano Music,Oleg Marshev,1,CD,2004,13.25,13.25,CN21,,,,,,,,,,
DAN,Danacord,DACOCD597,5709499597002,Malling; Schytte; Salomon,V3: Danish Piano Concertos,Marshev; Aalborg Symphony Orchestra; Aeschbacher,1,CD,2004,13.25,13.25,CN21,,,,,,,,,,
DAN,Danacord,DACOCD598,5709499598009,"Bach, J.S.",Organ Works,Hans Helmut Tillmanns,1,CD,2002,13.25,13.25,CN21,,,,,,,,,,
DAN,Danacord,DACOCD599,5709499599006,"Bach, J.S.",Organ Works,Hans Helmut Tillmanns,1,CD,2002,13.25,13.25,CN21,,,,,,,,,,
DAN,Danacord,DACOCD600,5709499600009,"Mortensen, Otto",Korsange,Coro Misto; Birch,1,CD,2002,13.25,13.25,CN21,,,,,,,,,,
DAN,Danacord,DACOCD601,5709499601006,"Shostakovich, Dmitri",2 Piano Concertos; 24 Preludes,Marshev; Helsingborg Symphony Orchestra; Lintu,1,CD,2002,13.25,13.25,CN21,,,,,,,,,,
DAN,Danacord,DACOCD602,5709499602003,Various,Portrait of the Double Bass,B. Grosen; K.O. Grosen; Holm; Jorgensen,1,CD,2002,13.25,13.25,CN21,,,,,,,,,,
DAN,Danacord,DACOCD603,5709499603000,Various,Danish Soprano of the 20th C.,Tenna Kraft,1,CD,2002,13.25,13.25,CN21,,,,,,,,,,
DAN,Danacord,DACOCD604,5709499604007,"Andersen, Joachim",V1: Complete Recordings,Jensen; Adorjan; South Jutland Symphony Orchestra; Bellincampi,1,CD,2003,13.25,13.25,CN21,,,,,,,,,,
DAN,Danacord,DACOCD605,5709499605004,Various,Sommerregn,Duo la Valse,1,CD,2002,13.25,13.25,CN21,,,,,,,,,,
DAN,Danacord,DACOCD606,5709499606001,"Bach, J.S.",Organ Works,Hans Helmut Tillmanns,1,CD,2003,13.25,13.25,CN21,,,,,,,,,,
DAN,Danacord,DACOCD607,5709499607008,Vaughan Williams; Martin,Full Fathom Five,Aarhus Academic Choir; Most,1,CD,2002,13.25,13.25,CN21,,,,,,,,,,
DAN,Danacord,DACOCD608,5709499608005,"Bach, J.S.",Organ Works,Hans Helmut Tillmanns,1,CD,2003,13.25,13.25,CN21,,,,,,,,,,
DAN,Danacord,DACOCD609,5709499609002,Various,Rarities of Piano Music 2002,Various,1,CD,2003,13.25,13.25,CN21,,,,,,,,,,
DAN,Danacord,DACOCD610,5709499610008,"Bach, J.S.",Organ Works,Hans Helmut Tillmanns,1,CD,2004,13.25,13.25,CN21,,,,,,,,,,
DAN,Danacord,DACOCD611-612,5709499611128,"Berg, Gunnar",V1: Historical Recordings," 
Aarhus Symphony Orchestra; Danish National Radio Symphony Orchestra; Caridis; Schmidt; Tikka; Veto",2,CD,2003,13.25,13.25,CN21,,,,,,,,,,
DAN,Danacord,DACOCD613-614,5709499613146,"Berg, Gunnar",V2: Historical Recordings,Beatrice Berg,2,CD,2005,13.25,13.25,CN21,,,,,,,,,,
DAN,Danacord,DACOCD615,5709499615003,Various,Marken er mejet,Meyer-Topsoe; Salo,1,CD,2003,13.25,13.25,CN21,,,,,,,,,,
DAN,Danacord,DACOCD616,5709499616000,"Balakirev, Mily Alexeyevich",Symphony No. 1; Piano Concerto,Marshev; Aarhus Symphony Orchestra; Loughran,1,CD,2005,13.25,13.25,CN21,,,,,,,,,,
DAN,Danacord,DACOCD617,5709499617007,"Andersen, Joachim",V2: Complete Recordings,Jensen; Stengaard,1,CD,2004,13.25,13.25,CN21,,,,,,,,,,
DAN,Danacord,DACOCD618,5709499618004,"Bach, J.S.",Organ Works,Hans Helmut Tillmanns,1,CD,2004,13.25,13.25,CN21,,,,,,,,,,
DAN,Danacord,DACOCD619,5709499619001,Various,Rarities of Piano Music 2003,Various,1,CD,2004,13.25,13.25,CN21,,,,,,,,,,
DAN,Danacord,DACOCD620,5709499620007,"Bach, J.S.",Organ Works,Hans Helmut Tillmanns,1,CD,2005,13.25,13.25,CN21,,,,,,,,,,
DAN,Danacord,DACOCD621,5709499621004,Schultz; Jersild; Norholm,20th C. Danish Choral Music,Most; Aarhus Academic Choir,1,CD,2004,13.25,13.25,CN21,,,,,,,,,,
DAN,Danacord,DACOCD622,5709499622001,"Kuhlau, Friedrich",Piano Sonatinas - Selection,Eric Fessel,1,CD,2004,13.25,13.25,CN21,,,,,,,,,,
DAN,Danacord,DACOCD623-624,5709499623244,Various,Live & Studio Recordings 1963-86,Lone Koppel,2,CD,2004,13.25,13.25,CN21,,,,,,,,,,
DAN,Danacord,DACOCD625,5709499625002,Various,Gron er varens haek,Meyer-Topsoe; Salo,1,CD,2004,13.25,13.25,CN21,,,,,,,,,,
DAN,Danacord,DACOCD626,5709499626009,Norgard; Arason; Bruun,Livets Bro,Aarhus University Choir; Seyer-Hansen,1,CD,2004,13.25,13.25,CN21,,,,,,,,,,
DAN,Danacord,DACOCD627-630,5709499627303,"Nielsen, Carl",Prophet in Sweden,Royal Stockholm Philharmonic Orchestra; Mann,4,CD,2005,13.25,13.25,CN21,,,,,,,,,,
DAN,Danacord,DACOCD631,5709499631003,"Lovenskiold, Herman Severin",Music To Bournonville Ballets,Aalborg Symphony Orchestra; Lassen,1,CD,2011,13.25,13.25,CN21,,,,,,,,,,
DAN,Danacord,DACOCD632-633,5709499632338,Paulli; Helsted; Gade; Lumbye,Bournonville Ballets: Napoli,Aalborg Symphony Orchestra; Lassen,1,CD,2011,13.25,13.25,CN21,,,,,,,,,,
DAN,Danacord,DACOCD634-635,5709499634356,"Paulli, Holger Simon",Bournonville Ballets: Newspaper Courtship,Aalborg Symphony Orchestra; Lassen,1,CD,2011,13.25,13.25,CN21,,,,,,,,,,
DAN,Danacord,DACOCD636-637,5709499636374,Gade; Hartmann,Bournonville Ballets: A Folk Tale,Aalborg Symphony Orchestra; Lassen,1,CD,2011,13.25,13.25,CN21,,,,,,,,,,
DAN,Danacord,DACOCD638-639,5709499638392,Glaeser; Lincke; Lumbye,Bournonville Ballets: Far from Denmark,Aalborg Symphony Orchestra; Lassen,1,CD,2011,13.25,13.25,CN21,,,,,,,,,,
DAN,Danacord,DACOCD640,5709499640005,"Bach, J.S.",Organ Works,Hans Helmut Tillmanns,1,CD,2005,13.25,13.25,CN21,,,,,,,,,,
DAN,Danacord,DACOCD641,5709499641002,Bendix; Simonsen,V4: Danish Piano Concertos,Marshev; Aalborg Symphony Orchestra; Aeschbacher,1,CD,2005,13.25,13.25,CN21,,,,,,,,,,
DAN,Danacord,DACOCD642,5709499642009,"Andersen, Joachim",V3: Complete Recordings,Jensen; Stengaard,1,CD,2005,13.25,13.25,CN21,,,,,,,,,,
DAN,Danacord,DACOCD643,5709499643006,"Brahms, Johannes",The Early Brahms,Oleg Marshev,1,CD,2005,13.25,13.25,CN21,,,,,,,,,,
DAN,Danacord,DACOCD644,5709499644003,Chopin; Grieg,Cello Sonatas,Bengtsson; Kavtaradze,1,CD,2005,13.25,13.25,CN21,,,,,,,,,,
DAN,Danacord,DACOCD645,5709499645000,Purcell; Couperin; Bach,Harpsichord & Clavichord,Liselotte Selbiger,2,CD,2005,13.25,13.25,CN21,,,,,,,,,,
DAN,Danacord,DACOCD646,5709499646007,"Schubert, Franz",The Late Schubert,Oleg Marshev,1,CD,2005,13.25,13.25,CN21,,,,,,,,,,
DAN,Danacord,DACOCD647-648,5709499647486,Various,A Portrait,Else Paaske,2,CD,2005,13.25,13.25,CN21,,,,,,,,,,
DAN,Danacord,DACOCD649,5709499649008,Various,Rarities of Piano Music 2004,Various,1,CD,2005,13.25,13.25,CN21,,,,,,,,,,
DAN,Danacord,DACOCD650,5709499650004,"Bach, J.S.",Organ Works,Hans Helmut Tillmanns,1,CD,2007,13.25,13.25,CN21,,,,,,,,,,
DAN,Danacord,DACOCD651,5709499651001,Liszt; Pixis; Herz; Czerny,Piano Concertos 1 & 2; Totentanz,Marshev; Aalborg Symphony Orchestra; Aeschbacher,1,CD,2006,13.25,13.25,CN21,,,,,,,,,,
DAN,Danacord,DACOCD653,5709499653005,"Liszt, Franz",Piano Sonata in B Minor,Oleg Marshev,1,CD,2006,13.25,13.25,CN21,,,,,,,,,,
DAN,Danacord,DACOCD654,5709499654002,"Andersen, Joachim",V4: Complete Recordings,Jensen; Stengaard,1,CD,2007,13.25,13.25,CN21,,,,,,,,,,
DAN,Danacord,DACOCD655,5709499655009,"Bruckner, Anton",Symphony No. 7,Aarhus Symphony Orchestra; Loughran,1,CD,2007,13.25,13.25,CN21,,,,,,,,,,
DAN,Danacord,DACOCD656,5709499656006,"Mussorgsky, Modest",Pictures at an Exhibition,Marshev; Odense Symfoniorkester; Wagner,1,CD,2009,13.25,13.25,CN21,,,,,,,,,,
DAN,Danacord,DACOCD657,5709499657003,"Chopin, Frederic",Mazurkas; Waltzes; Ballade,Nina Kavtaradze,1,CD,2006,13.25,13.25,CN21,,,,,,,,,,
DAN,Danacord,DACOCD658,5709499658000,"Andersen, Joachim",V5: Complete Recordings,Jensen; Bellincampi; South Jutland Symphony Orchestra,1,CD,2007,13.25,13.25,CN21,,,,,,,,,,
DAN,Danacord,DACOCD659,5709499659007,Various,Rarities of Piano Music 2005,Various,1,CD,2006,13.25,13.25,CN21,,,,,,,,,,
DAN,Danacord,DACOCD660,5709499660003,Rimsky-Korsakov; Pabst,Piano Concertos,Marshev; South Jutland Symphony Orchestra; Ziva,1,CD,2008,13.25,13.25,CN21,,,,,,,,,,
DAN,Danacord,DACOCD661,5709499661000,"Andersen, Joachim",V6: Complete Recordings,Jensen; Stengaard,1,CD,2008,13.25,13.25,CN21,,,,,,,,,,
DAN,Danacord,DACOCD662,5709499662007,Svendsen; Lang-Muller,Violin Concertos,Bjornkjaer; Aarhus Symphony Orchestra; Bellincampi,1,CD,2007,13.25,13.25,CN21,,,,,,,,,,
DAN,Danacord,DACOCD663,5709499663004,"Bach, J.S.",Organ Works,Hans Helmut Tillmanns,1,CD,2008,13.25,13.25,CN21,,,,,,,,,,
DAN,Danacord,DACOCD664,5709499664001,"Wagner, Richard",Wagner Gala,Elming; Pavlovski; Byriel; Odense Symphony Orchestra; Hauschild,1,CD,2007,13.25,13.25,CN21,,,,,,,,,,
DAN,Danacord,DACOCD665,5709499665008,Verdi; Puccini,Arias,Sjoberg; Odense Symphony Orchestra; Aeschbacher,1,CD,2007,13.25,13.25,CN21,,,,,,,,,,
DAN,Danacord,DACOCD666,5709499666005,"Andersen, Joachim",V7: Complete Recordings,Jensen; Stengaard,1,CD,2008,13.25,13.25,CN21,,,,,,,,,,
DAN,Danacord,DACOCD667-668,5709499667682,Various,Tagen letter - Largo - Toc,Beier; Franck; von Bulow; Dreisig,1,CD,2005,13.25,13.25,CN21,,,,,,,,,,
DAN,Danacord,DACOCD669,5709499669006,Various,Rarities of Piano Music 2006,Various,1,CD,2007,13.25,13.25,CN21,,,,,,,,,,
DAN,Danacord,DACOCD670,5709499670002,"Hindemtih, Paul",Das Marien-Leben,Elisabeth Meyer-Topsoe,1,CD,2008,13.25,13.25,CN21,,,,,,,,,,
DAN,Danacord,DACOCD671,5709499671009,Schubert; Schumann; Brahms,Frdereic Meinders Plays,Frederic Meinders,1,CD,2008,13.25,13.25,CN21,,,,,,,,,,
DAN,Danacord,DACOCD672,5709499672006,Ravel; Debussy; Franck,Concerto in G; Fantasie,Marshev; South Jutland Symphony Orchestra; Ziva,2,CD,2009,13.25,13.25,CN21,,,,,,,,,,
DAN,Danacord,DACOCD673-674,5709499673744,Kuhlau; Nielsen; Gade,V2: Scandinavian Classics,Danish State Radio Symphony Orchestra; Grondahl,2,CD,2009,13.25,13.25,CN21,,,,,,,,,,
DAN,Danacord,DACOCD675-676,5709499675762,Crusell; Devienne; Krommer,Flute Quartets,Beier; Copenhagen String Trio,2,CD,2008,13.25,13.25,CN21,,,,,,,,,,
DAN,Danacord,DACOCD677,5709499677001,Liszt; Chopin; Scriabin,Marshev in Recital,Oleg Marshev,1,CD,2008,13.25,13.25,CN21,,,,,,,,,,
DAN,Danacord,DACOCD678,5709499678008,Various,Christmas Songs & Sounds of Brass,Prinsens Musikkorps; Den Jyske Operas Kor,1,CD,2008,13.25,13.25,CN21,,,,,,,,,,
DAN,Danacord,DACOCD679,5709499679005,Various,Rarities of Piano Music 2007,Various,1,CD,2008,13.25,13.25,CN21,,,,,,,,,,
DAN,Danacord,DACOCD680,5709499680001,Liebmann; Sehested; Moe,Romantic Piano Danish Women,Cathrine Penderup,1,CD,2009,13.25,13.25,CN21,,,,,,,,,,
DAN,Danacord,DACOCD681,5709499681008,Schumann; Shchedrin; Liszt,In Fun & Earnest,Nina Kavtaradze,1,CD,2009,13.25,13.25,CN21,,,,,,,,,,
DAN,Danacord,DACOCD682,5709499682005,Kuhlau; Tchaikovsky; Liszt,Music Inspired Shakespeare & Hamlet,South Jutland Symphony Orchestra; Ziva,1,CD,2011,13.25,13.25,CN21,,,,,,,,,,
DAN,Danacord,DACOCD683,5709499683002,"Beethoven, Ludwig van",Leonore Overture; Symphony 9,Malko; Oldrup; Brems; Thygesen; Byrding; Danish Radio Choir; Danish Radio Symphony Orchestra,1,CD,2009,13.25,13.25,CN21,,,,,,,,,,
DAN,Danacord,DACOCD684,5709499684009,Norholm; Bruun; Norgard,Everyone Loves the Spring,Marrianne Lund,1,CD,2010,13.25,13.25,CN21,,,,,,,,,,
DAN,Danacord,DACOCD685,5709499685006,Various,Sa Tag Mit Hjerte,Kiberg; Lonskov,1,CD,2011,13.25,13.25,CN21,,,,,,,,,,
DAN,Danacord,DACOCD686,5709499686003,Sjoberg; Durholm; Linde,Nordic Folksongs & Ballads,Nordic Trio,1,CD,2011,13.25,13.25,CN21,,,,,,,,,,
DAN,Danacord,DACOCD687,5709499687000,Schumann; Chopin,Frederic Meinders Transcriptions,Frederic Meinders,1,CD,2010,13.25,13.25,CN21,,,,,,,,,,
DAN,Danacord,DACOCD688,5709499688007,"Schumann, R.; Schumann, C.",Piano Concerto; Concerto Mvmt.,Marshev; South Jutland Symphony Orchestra; Ziva,1,CD,2010,13.25,13.25,CN21,,,,,,,,,,
DAN,Danacord,DACOCD689,5709499689004,Various,Rarities of Piano Music 2008,Various,1,CD,2009,13.25,13.25,CN21,,,,,,,,,,
DAN,Danacord,DACOCD690,5709499690000,"Chopin, Frederic",Maria Teresa Assing plays Chopin,Maria Teresa Assing,1,CD,2010,13.25,13.25,CN21,,,,,,,,,,
DAN,Danacord,DACOCD691-696,5709499691960,Various,Great Singers & Musicians Copenhagen,Various,6,CD,2010,39.77,39.77,CN62,,,,,,,,,,
DAN,Danacord,DACOCD697-698,5709499697986,Grieg; Saaverud; Sibelius,V3: Scandinavian Classics,Danish National Radio Symphony Orchestra; Jensen,2,CD,2010,26.51,26.51,CN41,,,,,,,,,,
DAN,Danacord,DACOCD699,5709499699003,Various,Rarities of Piano Music 2009,Various,1,CD,2010,13.25,13.25,CN21,,,,,,,,,,
DAN,Danacord,DACOCD700,5709499700006,Various,Songs to Our Lady,Meyer-Topsoe; Ebert,1,CD,2010,13.25,13.25,CN21,,,,,,,,,,
DAN,Danacord,DACOCD701-702,5709499701027,"Chopin, Frederic",Complete Works Piano & Orchestra,Marshev; South Denmark Philharmonic; Porcelijn,2,CD,2014,13.25,13.25,CN21,,,,,,,,,,
DAN,Danacord,DACOCD703-704,5709499703045,"Haydn, Joseph",Complete Danish Recordings 1949-56,Mogens Woldike,2,CD,2011,13.25,13.25,CN21,,,,,,,,,,
DAN,Danacord,DACOCD705,5709499705001,Various,Ingen Blomst i Verdens Lande,Hansen; Refstrup; Bugge,1,CD,2010,13.25,13.25,CN21,,,,,,,,,,
DAN,Danacord,DACOCD706,5709499706008,"Bach, J.S.",Organ Works,Hans Helmut Tillmanns,1,CD,2010,13.25,13.25,CN21,,,,,,,,,,
DAN,Danacord,DACOCD707-708,5709499707081,Various,V4: Scandinavian Classics,Various,2,CD,2012,13.25,13.25,CN21,,,,,,,,,,
DAN,Danacord,DACOCD709,5709499709009,Various,Rarities of Piano Music 2010,Various,1,CD,2011,13.25,13.25,CN21,,,,,,,,,,
DAN,Danacord,DACOCD710,5709499710005,Various,After a Dream,Marcussen; Svanberg,1,CD,2010,13.25,13.25,CN21,,,,,,,,,,
DAN,Danacord,DACOCD711,5709499711002,Sorensen; Christensen; Ronsholdt,Within,Frederik Munk Larsen,1,CD,2010,13.25,13.25,CN21,,,,,,,,,,
DAN,Danacord,DACOCD712-713,5709499712139,"Hartman, Emil",Nordic & German Songs,Vestergard; Penderup,2,CD,2010,13.25,13.25,CN21,,,,,,,,,,
DAN,Danacord,DACOCD714-715,5709499714157,Various,Great Violinist 1949-1951,Endre Wolf,2,CD,2012,13.25,13.25,CN21,,,,,,,,,,
DAN,Danacord,DACOCD716,5709499716007,"Chopin, Frederic",Chopins sange,Laursen; Sorensen,1,CD,2012,13.25,13.25,CN21,,,,,,,,,,
DAN,Danacord,DACOCD717,5709499717004,"Delius, Frederick",A Delius Collection,Barbirolli; Goossens; Lambert; Baillie; Nash,1,CD,2011,13.25,13.25,CN21,,,,,,,,,,
DAN,Danacord,DACOCD718,5709499718001,Abrahamsen; Holboe; Orvad,Wing Span,Adam Orvad,2,CD,2012,13.25,13.25,CN21,,,,,,,,,,
DAN,Danacord,DACOCD719,5709499719008,Various,Rarities of Piano Music 2011,Various,1,CD,2012,13.25,13.25,CN21,,,,,,,,,,
DAN,Danacord,DACOCD720,5709499720004,Various,Mezzo Moon,Heise; Vignoles,1,CD,2012,13.25,13.25,CN21,,,,,,,,,,
DAN,Danacord,DACOCD721,5709499721001,"Delius, Frederick",English Masterworks,Bonde-Hansen; Reuter; Aarhus Symphony Orchestra; Holten,1,CD,2012,13.25,13.25,CN21,,,,,,,,,,
DAN,Danacord,DACOCD722-723,5709499722237,Brahms; Schumann,Great Clarinettist 1947-1952,Louis Cahuzac,2,CD,2012,13.25,13.25,CN21,,,,,,,,,,
DAN,Danacord,DACOCD724,5709499724002,Elgar; Schubert; Corelli,Live Icelanding Recordings 1973-79,Erling Blondal Bengtsson,1,CD,2012,13.25,13.25,CN21,,,,,,,,,,
DAN,Danacord,DACOCD725,5709499725009,Nielsen; Griffes; Martin,Flute Concertos,Jensen; South Jutland Symphony Orchestra; Bellincampi,1,SACD,2013,13.25,13.25,CN21,,,,,,,,,,
DAN,Danacord,DACOCD726,5709499726006,"Durufle, Maurice","Complete Organ, Motets, Requiem",Krogsoe; Seyer-Hansen,2,CD,2012,13.25,13.25,CN21,,,,,,,,,,
DAN,Danacord,DACOCD727,5709499727003,Barber; Salomon; Bentzon,DR Tribute,Erling Blondal Bengtsson,1,CD,2012,13.25,13.25,CN21,,,,,,,,,,
DAN,Danacord,DACOCD728,5709499728000,"Delius, Frederick",French Masterworks,Aarhus Symphony Orchestra; Bonde-Hansen; Holten,1,CD,2012,13.25,13.25,CN21,,,,,,,,,,
DAN,Danacord,DACOCD729,5709499729007,Various,Rarities of Piano Music 2012,Various,1,CD,2013,13.25,13.25,CN21,,,,,,,,,,
DAN,Danacord,DACOCD730,5709499730003,"Nielsen, Carl",Sange I Nyt Lys,Carl Nielsen Trio,1,CD,2012,13.25,13.25,CN21,,,,,,,,,,
DAN,Danacord,DACOCD732,5709499732007,"Delius, Frederick",American Masterworks,Bonde-Hansen; Reuter; Aarhus Cathedral Choir; Aarhus Symphony Orchestra; Aarhus Symphony Orchestra Choir; Holten,1,CD,2012,13.25,13.25,CN21,,,,,,,,,,
DAN,Danacord,DACOCD733,5709499733004,"Schubert, Franz",Piano Sonata No. 21; Impromptus,Nina Kavtaradze,1,CD,2013,13.25,13.25,CN21,,,,,,,,,,
DAN,Danacord,DACOCD734-736,5709499734360,"Mendelssohn, Felix",Complete Piano & Orchestra,Marshev; Stoehr; Lukanov; South Denmark Philharmonic; Porcelijn,4,CD,2014,26.51,26.51,CN41,,,,,,,,,,
DAN,Danacord,DACOCD737,5709499737002,Walton; Khachaturian,V2: Tribute to Bengtsson,Erling Blondal Bengtsson,1,CD,2013,13.25,13.25,CN21,,,,,,,,,,
DAN,Danacord,DACOCD738,5709499738009,Beethoven; Brahms; Vivaldi,Gramophone Tribute 1950-62,Erling Blondal Bengtsson,2,CD,2014,13.25,13.25,CN21,,,,,,,,,,
DAN,Danacord,DACOCD739,5709499739006,Various,Rarities of Piano Music 2013,Various,1,CD,2014,13.25,13.25,CN21,,,,,,,,,,
DAN,Danacord,DACOCD740,5709499740002,Kabalevsky; Mendelssohn,V3: Tribute to Bengtsson,Erling Blondal Bengtsson,1,CD,2013,13.25,13.25,CN21,,,,,,,,,,
DAN,Danacord,DACOCD741,5709499741009,"Schumann, Robert",Per Norgard,Katrine Gislinge,1,CD,2013,13.25,13.25,CN21,,,,,,,,,,
DAN,Danacord,DACOCD742,5709499742006,Haydn; Hummel; Neruda,Trumpet Concertos,Christensen; Lakstigala; Liepaja Symphony Amber Sound Orchestra,1,CD,2013,13.25,13.25,CN21,,,,,,,,,,
DAN,Danacord,DACOCD743,5709499743003,Brahms; Liszt; Granados,Harmonies Du Soir,Tonya Lemoh,1,CD,2014,13.25,13.25,CN21,,,,,,,,,,
DAN,Danacord,DACOCD744-745,5709499744451,"Harmann, Emil",Piano Works,Cathrine Penderup,2,CD,2013,13.25,13.25,CN21,,,,,,,,,,
DAN,Danacord,DACOCD746,5709499746004,Satie; Brahms; Barber,Souvenirs,Lemoh; Penderup,1,CD,2014,13.25,13.25,CN21,,,,,,,,,,
DAN,Danacord,DACOCD747,5709499747001,"Beethoven, Ludwig van",Diabelli Variations,Christina Bjorkoe,1,CD,2014,13.25,13.25,CN21,,,,,,,,,,
DAN,Danacord,DACOCD748,5709499748008,"Borg, Matti",Poems,"Sjoberg; Nilsson; Nordic Chamber Orchestra; Jakobsson; University Choir Lille MUKO, Cophenhagen; Jorgensen",1,CD,2014,13.25,13.25,CN21,,,,,,,,,,
DAN,Danacord,DACOCD749,5709499749005,Various,Rarities of Piano Music 2014,Various,1,CD,2015,13.25,13.25,CN21,,,,,,,,,,
DAN,Danacord,DACOCD750,5709499750001,Various,Beyond the Eastern Wind,Boll; Collegium Vocale Aarhus; Deltchev,1,CD,2014,13.25,13.25,CN21,,,,,,,,,,
DAN,Danacord,DACOCD751,5709499751008,"Rung, H.; Rung, F.",Rung & Rung,Hansen; Refstrup; Moller; Sigh,1,CD,2014,13.25,13.25,CN21,,,,,,,,,,
DAN,Danacord,DACOCD752,5709499752005,Various,Concert Clemens,Seyer-Hansen; Vocal Group Concert Clemens,1,CD,2014,13.25,13.25,CN21,,,,,,,,,,
DAN,Danacord,DACOCD755,5709499755006,Various,Nordic Winter & Christmas Songs,Durholm; Rosborg; Sjoberg; Zielke,1,CD,2014,13.25,13.25,CN21,,,,,,,,,,
DAN,Danacord,DACOCD778,5709499778005,Holewa; Blomdahl; Lindhom,SR Tribute 1957-80,Erling Blondal Bengtsson,2,CD,2017,13.25,13.25,CN21,,,,,,,,,,
DAN,Danacord,DACOCD990,5709499990001,Various,The Cello & I,Erling Blondal Bengtsson,1,DVD,2006,13.25,13.25,CN21,,,,,,,,,,