ZEN246,ABRA,Rose (reissue on 180g double LP with 2 posters),Ninja Tune,Electronic,,5054429120585,LPx2,24.00,2017
BJ-33,B.BRAVO,"Paradise Remixes (Sammy Bananas, XL Middleton, Simbad, Grandfeather)",Bastard Jazz,Electronic / Jazz,,708630007436,"12""",8.94,2017
58458-0059-6,"BARTELL, JAYE","In A Time Of Trouble, A Wild Exultation",SD / Sinderlyn,Rock-Pop,,858458005968,CD,10.00,2017
LYN033,"BARTELL, JAYE","In A Time Of Trouble, A Wild Exultation",SD / Sinderlyn,Rock-Pop,,858458005951,LP,12.00,2017
34457-7893-2,BLIS.,No One Loves You,Redeye / Sargent House,Rock-Pop,,6.34458E+11,CD,11.96,2017
SH189,BLIS.,No One Loves You,Redeye / Sargent House,Rock-Pop,,634457786318,LP,18.91,2017
61297-5547-7,BLUE HAWAII,Tenderness,SD / Arbutus,Electronic,Canadian,061297554775,CD,10.00,2017
ABT061,BLUE HAWAII,Tenderness,SD / Arbutus,Electronic,Canadian,844667038361,LP,12.00,2017
ABT061LP-C1,BLUE HAWAII,Tenderness (very limited),SD / Arbutus,Electronic,Canadian INDIE ONLY,844667038224,LP,12.00,2017
23339-2047-2,BOOGAT,San Cristobal Inn,Maisonette Musique,Hip-Hop,,623339204729,CD,10.30,2017
90125-1691-0,BOTTIN,I Have What I Gave,SD / 2MR,Electronic,,090125169102,CD,10.00,2017
2MR026,BOTTIN,I Have What I Gave,SD / 2MR,Electronic,,090125168914,LP,12.00,2017
34457-7945-2,BROOKLYN BOOGALOO BLOWOUT,The Boog At Sunny's,Redeye / StorySound Records,Soul / Funk / R & B,,634457794528,CD,9.94,2017
54697-4439-6,BROOKLYN BOOGALOO BLOWOUT,Terry Riley In C,Redeye / Northern Spy,World,,754697443960,CD,12.96,2017
98787-1211-2,BULLY,Losing,Sub Pop,Rock-Pop,,098787121124,CD,13.75,2017
SP1211,BULLY,Losing,Sub Pop,Rock-Pop,,098787121117,LP,19.65,2017
SP1211LOSER,BULLY,Losing [LOSER EDITION],Sub Pop,Rock-Pop,,098787121155,LP,19.65,2017
SP1211CS,BULLY,Losing,Sub Pop,Rock-Pop,,098787121148,CS,8.68,2017
17949-0129-3,"CALDER, ALEX",Alex Calder,SD / Captured Tracks,Rock-Pop,,817949012939,CD,10.00,2017
CT254,"CALDER, ALEX",Alex Calder,SD / Captured Tracks,Rock-Pop,,817949012922,LP,13.50,2017
56605-3292-2,CANON BLUE,Lasso Yo,SD / Temporary Residence Ltd,Rock-Pop,,656605329222,CD,10.00,2017
TRR292,CANON BLUE,Lasso Yo,SD / Temporary Residence Ltd,Rock-Pop,,656605329215,LP,13.50,2017
16892-5218-4,"CARPENTER, JOHN",Anthology: Movie Themes 1974-1998,SD / Sacred Bones,OST,,616892521846,CD,12.00,2017
SBR177,"CARPENTER, JOHN",Anthology: Movie Themes 1974-1998,SD / Sacred Bones,OST,,616892521747,LP,16.00,2017
SBR177LP-C1-DLX,"CARPENTER, JOHN","Anthology: Movie Themes 1974-1998 (""Christine"" red vinyl - for indie stores only)",SD / Sacred Bones,OST,INDIE ONLY,616892522041,"LP+7""",19.00,2017
56167-1009-8,CHIP,League Of My Own II,Redeye / Cash Motto,Hip-Hop,,5056167100980,CD,12.96,2017
58458-0059-9,CULTS,Offering,SD / Sinderlyn,Rock-Pop,,858458005999,CD,10.00,2017
LYN034,CULTS,Offering,SD / Sinderlyn,Rock-Pop,,858458005982,LP,13.50,2017
JAG309,CUT WORMS,Alien Sunset,SD / Jagjaguwar,Rock-Pop,,656605230917,LP,10.50,2017
60238-6338-4,DAF,Das ist DAF,Redeye / Groenland Records,Rock-Pop,,5060238633840,CDx5 box set,39.58,2017
GRON175,DAF,Das ist DAF,Redeye / Groenland Records,Rock-Pop,,5060238633765,LPx5 box set,158.48,2017
ABR0166,DERADOORIAN,Eternal Recurrence,Redeye / Anticon,Rock-Pop,,858454003623,LP,18.91,2017
30003-1436-2,DJ VADIM & BLACKSTONE,Double Sided,!K7 / BBE,Soul,,730003143625,CD,13.00,2017
BBE436ALP,DJ VADIM & BLACKSTONE,Double Sided,!K7 / BBE,Soul,,730003143618,LPx2,23.00,2017
54429-1204-4,EERA,Reflections of Youth,Ninja Tune / Big Dada,Rock-Pop,,5054429120448,CD,12.70,2017
BD286,EERA,Reflections of Youth (180g black vinyl),Ninja Tune / Big Dada,Rock-Pop,,5054429120417,LP,20.00,2017
BD286X,EERA,Reflections of Youth (180g red vinyl),Ninja Tune / Big Dada,Rock-Pop,INDIE ONLY,5054429120424,LP,20.00,2017
82388-1107-2,ELECTRIC SIX,How Dare You?,Metropolis,Rock-Pop,,782388110723,CD,11.00,2017
28070-6294-2,ENCEPHALON,We Only Love You When You're Dead,Artoffact Records,Industrial / Electronic,Canadian,628070629428,CDx2,12.50,2017
66561-0128-2,ESMERINE,Mechanics Of Dominion,Constellation,Rock-Pop,,666561012823,CD,10.00,2017
CST128,ESMERINE,Mechanics Of Dominion,Constellation,Rock-Pop,,66561012816,LP,15.20,2017
FAT1327,"EVGRAFOF, DMITRY",Comprehension of Light,SD / FatCat Records,Experimental,,600116132710,LP,13.50,2017
60514-9606-2,FRED V & GRAFIX,Cinematic Party Music,Redeye / Hospital Records Ltd,Electronic,,5060514960622,CD,11.96,2017
NHSS316,FRED V & GRAFIX,Cinematic Party Music,Redeye / Hospital Records Ltd,Electronic,,5060514960639,LPx2+CD,24.90,2017
90125-1690-3,GEL SET,Body Copy,SD / 2MR,Electronic / Experimental,,090125169034,CD,10.00,2017
2MR030,GEL SET,Body Copy,SD / 2MR,Electronic / Experimental,,090125169027,LP,12.00,2017
54429-1205-0,GIRAFFAGE,Too Real,Ninja Tune / Counter Records,Electronic,,5054429120509,CD,12.70,2017
COUNT122,GIRAFFAGE,Too Real,Ninja Tune / Counter Records,Electronic,,5054429120493,LP,20.00,2017
COUNT122O,GIRAFFAGE,Too Real (ltd orange vinyl),Ninja Tune / Counter Records,Electronic,INDIE ONLY,5054429121070,LP,20.00,2017
51937-4386-2,GROOMS,Exit Index,SD / Western Vinyl,Rock-Pop,,751937438625,CD,12.00,2017
WV157,GROOMS,Exit Index,SD / Western Vinyl,Rock-Pop,,751937438618,LP,16.00,2017
WW004-G,"HARRISON, JOHN","Creepshow (1982 Original Soundtrack, Deep Red with Blue Smoke Colour)",Light In the Attic,Soundrack,,728028451191,LP ,41.17,2017
TIM125,HEADROOM,Head In The Clouds,SD / Trouble In Mind,Rock-Pop,,630125983515,LP,12.00,2017
FTS004,"HOROWITZ, RICHARD",Eros In Arabia,SD / RVNG Int'l,,,603786278788,"12""",10.50,2017
54429-1199-9,IGLOOGHOST,Neo Wax Bloom ,Ninja Tune / Brainfeeder,Electronic,,5054429119992,CD,12.70,2017
BFCD063,IGLOOGHOST,Neo Wax Bloom (LPx2 + comic+ sticker sheet),Ninja Tune / Brainfeeder,Electronic,,5054429120004,LPx2,24.00,2017
ACTLP98441,"ILG, DIETER TRIO",B-A-C-H,ACT,Jazz,,614427984418,LP,17.00,2017
14427-9844-2,"ILG, DIETER TRIO",B-A-C-H,ACT,Jazz,,614427984425,CD,14.50,2017
82388-1106-2,INERTIA,Dream Machine,Metropolis,Electronic,,782388110624,CD,11.00,2017
UR100,"IRISARRI, RAPHAEL ANTON",The Shameless Years,Thrill Jockey / Umor Rex,Experimental / Post-minimalist,,603149211599,LP,23.00,2017
THRILL049,ISOTOPE 217,The Unstable Molecule (Thrill Jockey 25th anniversary reissue),Thrill Jockey,"Rock-Pop  crossfile: Tortoise, Chicago Underground, Iron & Wine",,790377004915, LP ,18.67,2017
30003-1437-2,"JAMES L'ESTRAUNGE ORCHESTRA, THE",Eventual Reality,!K7 / BBE,Electronic,,730003143724,CD,13.00,2017
BBE437ALP,"JAMES L'ESTRAUNGE ORCHESTRA, THE",Eventual Reality,!K7 / BBE,Electronic,,730003143717,LPx2,24.00,2017
34457-7954-2,"KATZ, IANA",Subway Stories,Redeye / Vizz Tone Label Group,BLUES,,634457795426,CD,12.96,2017
ERATP102,KIASMOS,Blurred EP,Redeye / Erased Tapes,Electronic,,4050486113981,LP,17.91,2017
04297-8308-2,KLLO,Backwater,SD / Ghostly Int'l,Electronic,,804297830827,CD,10.00,2017
GI308,KLLO,Backwater,SD / Ghostly Int'l,Electronic,,804297830810,LPx2,13.50,2017
GI308lp-C1,KLLO,Backwater (very limited coloured vinyl version - indie only),SD / Ghostly Int'l,Electronic,INDIE ONLY,804297830803,LPx2,19.00,2017
56605-1436-2,"LAHEY, ALEX",I Love You Like A Brother,SD / Dead Oceans,Rock-Pop,,656605143620,CD,10.00,2017
DOC136,"LAHEY, ALEX",I Love You Like A Brother,SD / Dead Oceans,Rock-Pop,,656605143613,LP,12.00,2017
DOC136LP-C1,"LAHEY, ALEX",I Love You Like A Brother (indie only - opaque yellow vinyl),SD / Dead Oceans,Rock-Pop,INDIE ONLY,656605143637,LP,12.00,2017
51937-4383-2,LEAN YEAR,Lean Year,SD / Western Vinyl,Rock-Pop,,751937438328,CD,12.00,2017
WV152,LEAN YEAR,Lean Year,SD / Western Vinyl,Rock-Pop,,751937438311,LP,16.00,2017
28070-6260-2,LEGEND,Midnight Champion,Artoffact Records,Metal,,628070626021,CD,12.00,2017
AOF260,LEGEND,Midnight Champion,Artoffact Records,Metal,,628070626014,LPx2,25.00,2017
AOF260B,LEGEND,Midnight Champion [Beige],Artoffact Records,Metal,,628070626090,LPx2,26.00,2017
17147-0172-2,LIQUID BLOOM,Re.Generations,White Swan Records,New Age,,717147017227,CD,12.90,2017
17147-0183-2,LIQUID BLOOM,ReGen AtYyA Remixes,White Swan Records,New Age / Remixes,,717147018322,CD,12.90,2017
TCLR022,MACHINE WOMAN,When Lobster Comes Home,Ninja Tune / Technicolour,Electronic,,5054429118308,"12""",12.00,2017
IF017,MAUNO,Tuning,Idee Fixe,Rock-Pop,,623339203913,LP,17.56,2017
87834-0072-2,"MAUS, JOHN",Screen Memories,Domino / Ribbon Music,Rock-Pop,,887834007227,CD,13.75,2017
RBN072,"MAUS, JOHN",Screen Memories,Domino / Ribbon Music,Rock-Pop,,887834007210,LP,21.60,2017
23339-2026-2,"MCLEAN, STUART",Vinyl Cafe The Unreleased Stories,Vinyl Café / Jess Milton Productions,Comedy / Spoken word ,Canadian,623339202626,CDx4,19.50,2017
KLP267,MIRAH,Sundial,SD / K Records,Rock-Pop,,789856126729,"12"" EP",10.50,2017
K7285LP,MOTOR CITY DRUM ENSEMBLE / VARIOUS ARTISTS,DJ-Kicks: Motor City Drum Ensemble,!K7,Electronic,,730003728518,LPx2,24.00,2017
12957-3269-2,MOULLINEX,Hypersex,!K7 / Discotexas,House / Electronic,,4012957326924,CD,15.00,2017
DT069LP,MOULLINEX,Hypersex,!K7 / Discotexas,House / Electronic,,4012957326917,LPx2,23.00,2017
77078-6133-1,MYSTERY,Second Home,Unicorn Digital,Rock-Pop,,777078613318,CDx2,11.00,2017
77078-6134-3,MYSTERY,Second Home,Unicorn Digital,Rock-Pop,,777078613431,DVD,13.75,2017
14427-9038-2,"NESET, MARIUS FEAT. LOUEKE, LIONEL",Circle of Chimes,ACT,Jazz,,614427903822,CD,14.50,2017
AOF317,"NILS, THE ",Brave New Waves,Artoffact Records,Punk,Canadian,628070631711,LP,15.00,2017
AOF317G,"NILS, THE ",Brave New Waves [Green Vinyl],Artoffact Records,Punk,Canadian,628070631797,LP,17.00,2017
CST127,OFF WORLD,2,Constellation,Electronic  crossfile: Sandro Perri,CANADIAN,666561012717,LP,14.25,2017
ZEN12465,O'FLYNN,Pluto's Beating Heart / Eleven,Ninja Tune,Electronic,,5054429119480,"12""",12.00,2017
30003-3159-2,ORCHESTRE LES MANGELEPA,Last Band Standing,!K7 / Strut,World / Africa,,730003315923,CD,13.00,2017
STRUT159LP,ORCHESTRE LES MANGELEPA,Last Band Standing,!K7 / Strut,World / Africa,,730003315916,LP,21.00,2017
00064-9529-1,PALMBOMEN II,Memories of Cindy,!K7 / Beats In Space,Electronic,,700064952917,CDx2,14.20,2017
65570-9837-0,PAPERHAUS,Are These the Questions That We Need to Ask?,Redeye / Misra Records,Rock-Pop,,665570983704,CD,9.94,2017
MSR097,PAPERHAUS,Are These the Questions That We Need to Ask?,Redeye / Misra Records,Rock-Pop,,665570983643,LP,19.90,2017
34457-7876-2,PRAWN,Run,Redeye / Topshelf Records,Rock-Pop,,634457787629,CD,10.92,2017
TSR177,PRAWN,Run,Redeye / Topshelf Records,Rock-Pop,,634457787612,LP,18.91,2017
17147-0184-2,PREM JOSHUA,Breath of Voavah,White Swan Records,New Age,,717147018422,CD,12.90,2017
34457-4783-9,"PRINCIPATO, TOM & STEVE WOLF",The Long Way Home,Redeye / Powerhouse Records,Blues,,634457478398,CD,13.41,2017
16892-5115-4,PROFESSOR RHYTHM,Bafana Bafana,SD / Awesome Tapes From Africa,World / Africa,,616892511540,CD,10.00,2017
ATFA027,PROFESSOR RHYTHM,Bafana Bafana,SD / Awesome Tapes From Africa,World / Africa,,616892511441,LP,12.00,2017
60519-6833-6,RADIO SLAVE,Feel the Same,Redeye / Rekids,Electronic,,5060519683366,CD,12.96,2017
RS001,RADIO SLAVE,Feel the Same,Redeye / Rekids,Electronic,,5060519683359,LPx3,29.91,2017
54429-1196-4,"RAKEI, JORDAN",Wallflower,Ninja Tune,Soul / R&B,,5054429119640,CD,12.70,2017
ZEN245,"RAKEI, JORDAN",Wallflower,Ninja Tune,Soul / R&B,,5054429119633,LPx2,24.00,2017
ZEN245X,"RAKEI, JORDAN",Wallflower (180g clear vinyl indie exclusive),Ninja Tune,Soul / R&B,INDIE ONLY,5054429119626,LPx2,24.00,2017
17949-0136-5,REPTALIENS,Reptaliens,SD / Captured Tracks,Rock-Pop,,817949013653,CD,10.00,2017
CT268,REPTALIENS,Reptaliens,SD / Captured Tracks,Rock-Pop,,817949013646,LP,13.50,2017
FLT046,RITUAL HOWLS,Their Body,SD / Felte,Rock-Pop,,616892502647,"12""EP",8.25,2017
TLR049,"ROSE, JACK",I Do Play Rock & Roll,Redeye / Three Lobed,Rock-Pop,,711574797714,LP,22.11,2017
34457-7789-2,RVIVR,The Beauty Between,Redeye / Don Giovanni,Rock-Pop,,634457778924,CD,10.92,2017
34457-7791-2,RVIVR,The Joester Sessions '08-'11,Redeye / Don Giovanni,Rock-Pop,,634457779129,CD,10.92,2017
THRILL016,"SEA AND CAKE, THE",The Biz (25th anniversary reissue on gold vinyl),Thrill Jockey,Rock-Pop,,790377001617,LP,18.67,2017
THRILL021,"SEA AND CAKE, THE","Nassau (Thrill Jockey 25th anniversary reissue on LP1 translucent blue, LP2 translucent green!)",Thrill Jockey,Rock-Pop,,790377002119,LPx2,22.25,2017
THRILL026,"SEA AND CAKE, THE",The Sea and Cake (25th anniversary reissue on light blue colour vinyl),Thrill Jockey,Rock-Pop,,790377002614,LP,18.67,2017
04297-8301-2,SHIGETO,The New Monday,SD / Ghostly Int'l,Electronic,,804297830124,CD,12.00,2017
GI301,SHIGETO,The New Monday,SD / Ghostly Int'l,Electronic,,804297830117,LPx2,19.00,2017
GI301LP-C1,SHIGETO,The New Monday (very limited black with pink speckle vinyl),SD / Ghostly Int'l,Electronic,INDIE ONLY,804297830131,LPx2,19.00,2017
54697-4437-7,SHILPA RAY,Door Girl,Redeye / Northern Spy,Rock-Pop,,754697443779,CD,12.96,2017
NS093,SHILPA RAY,Door Girl,Redeye / Northern Spy,Rock-Pop,,754697443786,LP ,24.90,2017
16892-4970-4,"SMITH, KAITLYN AURELIA",The Kid,SD / Western Vinyl,Electronic / Experimental,,616892497042,CD,12.00,2017
WV170,"SMITH, KAITLYN AURELIA",The Kid,SD / Western Vinyl,Electronic / Experimental,,616892496946,LPx2,20.00,2017
WV170LP-C1,"SMITH, KAITLYN AURELIA",The Kid (limited edition - indie only version),SD / Western Vinyl,Electronic / Experimental,INDIE ONLY,616892515142,LPx2,22.00,2017
82388-1099-2,SNOG,Corporate_Slave_2525,Metropolis,Electronic,,782388109925,CD,11.00,2017
34457-4819-9,SOTE,Sacred Horror In Design,Redeye / Opal Tapes,World,,634457481992,CD,11.96,2017
23339-1997-2,"SOULJAZZ ORCHESTRA, THE",Under Burning Skies,Do Right! Music,Jazz / Soul,,623339199728,CD,9.83,2017
DR073LP,"SOULJAZZ ORCHESTRA, THE",Under Burning Skies,Do Right! Music,Jazz / Soul,,623339199711,LP,20.81,2017
14270-6914-5,SOUND OF CERES,The Twin,SD / Joyful Noise,Rock-Pop,,714270691454,CD,11.00,2017
JNR234,SOUND OF CERES,The Twin (limited),SD / Joyful Noise,Rock-Pop,,714270691461,LP,12.00,2017
JNR234lp-C1,SOUND OF CERES,The Twin (limited indie only coloured version),SD / Joyful Noise,Rock-Pop,INDIE ONLY,714270691478,LP,13.50,2017
34457-7787-2,STRANGE RANGER,Daymoon,Redeye / Tiny Engines,Rock-Pop,,634457778726,CD,12.96,2017
TE173,STRANGE RANGER,Daymoon (translucent red LP),Redeye / Tiny Engines,Rock-Pop,,634457778719,LP,17.95,2017
16670-1658-6,SUGAI KEN,UkabazUmorezU,SD / RVNG Int'l,Electronic / Experimental - Japan,,716670165863,CD,10.00,2017
RVNGNL040,SUGAI KEN,UkabazUmorezU,SD / RVNG Int'l,Electronic / Experimental - Japan,,716670165856,LP,12.00,2017
THRILL452-BOOK,TORTOISE,The Catastrophist Tour Book,Thrill Jockey,Rock-Pop,,790377045222,Book+CD,24.00,2017
MRL173 ,TOUGH AGE,Shame,Mint Records ,Rock-Pop,Canadian,773871017315,LP,14.00,2017
98787-1143-2,U-MEN,U-Men,Sub Pop,Rock-Pop,,098787114324,CDx2,15.70,2017
SP1143,U-MEN,U-Men (3 LP set in cardboard slip case with printed inner sleeve & 16 pg booklet),Sub Pop,Rock-Pop,,098787114317,LPx3,40.00,2017
THRILL448,UPPER WILDS,Guitar Module 2017,Thrill Jockey,Rock-Pop,,790377044812,LP,20.50,2017
14427-9855-2,VARIOUS ARTISTS,Magic Moments X ,ACT,Jazz,,614427985521,CD,14.50,2017
30003-1324-2,VARIOUS ARTISTS,Kev Beadle preseents Private Collection Vol. 3,!K7 / BBE,Jazz,,730003132421,CD,13.00,2017
BBE324CLP,VARIOUS ARTISTS,Kev Beadle preseents Private Collection Vol. 3,!K7 / BBE,Jazz,,730003132414,LPx3,26.00,2017
26853-0156-2,VARIOUS ARTISTS,Even A Tree Can Shed Tears Japanese Folk & Rock 1969-1973,Light In the Attic ,World/Folk,,826853015622,CD,17.70,2017
LITA156,VARIOUS ARTISTS,Even A Tree Can Shed Tears Japanese Folk & Rock 1969-1973,Light In the Attic ,World/Folk,,826853015615,LPX2,34.27,2017
14427-9847-2,"WESSELTOFT, BUGGE",Everybody Loves Angels,ACT,Jazz,,614427984722,CD,14.50,2017
ACTLP98471,"WESSELTOFT, BUGGE",Everybody Loves Angels,ACT,Jazz,,614427984715,LP,17.00,2017
34457-7900-2,WILD ONES,Mirror Touch,Redeye / Topshelf Records,Rock-Pop,,634457790025,CD,10.92,2017
TSR178,WILD ONES,Mirror Touch,Redeye / Topshelf Records,Rock-Pop,,634457790018,LP,18.91,2017
56605-2312-2,"WOODS, JAMILA",HEAVN,SD / Jagjaguwar,Soul / R&B ,,656605231228,CD,10.00,2017
JAG312,"WOODS, JAMILA",HEAVN,SD / Jagjaguwar,Soul / R&B ,,656605231211,LP,13.50,2017
JAG312lp-C1,"WOODS, JAMILA",HEAVN (indie only white vinyl),SD / Jagjaguwar,Soul / R&B ,INDIE ONLY,656605231235,LP,13.50,2017
CSN100,YUMI ZOUMA,Willowbank,Redeye / Cascine,Electronic,,600246985705,LP,18.91,2017
CSN100LE,YUMI ZOUMA,Willowbank (Indie only white vinyl),Redeye / Cascine,Electronic,INDIE ONLY,600246985712,LP,18.91,2017
55300-3925-8,ZIUR,U Feel Anything?,Redeye / Planet Mu Records Ltd,Electronic,,5055300392589,CD,23.94,2017
ZIQ391,ZIUR,U Feel Anything?,Redeye / Planet Mu Records Ltd,Electronic,,5055300392572,LP,23.94,2017
67257-6255-2,"ALMEIDA, ELIDA",Kebrada,Lusafrica,World,,3567257625525,CD,11.73,2017
NON017,ANGEL-HO,Red Devil,Redeye / NON Worldwide,Electronic,,634457746619,LP,25.83,2017
YEP2549,"APPLES IN STEREO, THE",Tone Soul Evolution,Yep Roc Records,Rock-Pop,,634457254916,LP,19.90,2017
90125-1691-1,"BARERA, JOHN & WILL MARTIN",Proceed To The Root,SD / 2MR,Electronic,,090125169119,CD,10.00,2017
FOF163LE,"BARFOD, THOMAS",Paloma,Redeye / Friends of Friends,Electronic,,634457792012,LP,18.91,2017
05520-6210-3,BLUE ROSE CODE,The Water Of Leith,Redeye / Navigator Records,Folk,,805520621038,CD,12.96,2017
14427-9849-2,"BOLLANI TRIO, STEFANO",Mediterraneo,ACT,Jazz,,614427984920,CD,15.50,2017
02224-1258-2,BVDUB,Heartless,Redeye / n5MD,Electronic,,702224125827,CD,11.98,2017
MD258,BVDUB,Heartless,Redeye / n5MD,Electronic,,702224125810,LPx2,22.88,2017
SBR123lp-C3,"CARPENTER, JOHN",Lost Themes (Sacred Bones 10th anniversary edition on green vinyl - very limited),SD / Sacred Bones,OST,INDIE ONLY,616892520740,LP,13.50,2017
SBR150lp-C2,"CARPENTER, JOHN","Lost Themes II (Sacred Bones 10th anniversary edition on ""last sunrise"" coloured vinyl - very limited)",SD / Sacred Bones,OST,INDIE ONLY,616892520849,LP,13.50,2017
RELIC91,CAVERNLIGHT,As We Cup Our Hands and Drink From The Stream of Our Ache,Thrill Jockey,Doom Metal,,798577011528,LP,22.25,2017
30003-7358-2,"CHANDLER, KERRI",Kerri Chandler DJ-Kicks,!K7,House / Electronic,,730003735820,CD,12.00,2017
k7358LP,"CHANDLER, KERRI",Kerri Chandler DJ-Kicks,!K7,House / Electronic,,730003735813,LPx2,25.00,2017
KWLON008,"CHANG, IAN",Spiritual Leader EP (clear vinyl),Redeye / Kowloon Records,Electronic,,5060470600099,LP,14.96,2017
AHED10020,COLDCUT X ON-U SOUND,Kajra,Ninja Tune / Ahead Of Our Time,Electronic / Reggae / Dub,,5054429119336,"10""",12.00,2017
BTV110,"COLLECTION, THE",Listen to the River,Redeye / Burnt Toast Vinyl,Rock-Pop,,798154878919,LP,19.90,2017
LAB013-7,CONTROLLER.CONTROLLER,"She's Lost Control w/ History 7"" (Sebastien Grainger Remix)",Label Obscura,Rock-Pop,Canadian,623339206419,"7""",5.50,2017
60146-0976-3,"CORNSHED SISTERS, THE",Honey & Tar,Redeye / Memphis Industries,Folk,,5060146097635,CD,12.96,2017
MI0465,"CORNSHED SISTERS, THE",Honey & Tar,Redeye / Memphis Industries,Folk,,5060146097628,LP,20.93,2017
60248-8302-9,DANAKIL,Entre les lignes,Baco Records,Rock-Pop,,3760248830292,CD,12.95,2017
60248-8303-5,DANAKIL,La rue raisonne,Baco Records,Rock-Pop,,3760248830353,CD,12.95,2017
60248-8303-1,DANAKIL,Entre les lignes Dub,Baco Records,Reggae / Dub,,3760248830315,CD,12.95,2017
DG135,"DEGENERICS, THE",Generica,Redeye / Don Giovanni,Rock-Pop,,634457755413,LP,31.86,2017
PRC340,DIANE COFFEE,Peel ,Polyvinyl,Rock-Pop / Crossfile: Foxygen,,644110034076,"7""",9.61,2017
44667-0391-9,"ELMES, BARRY (QUINTET)",Dog's Breakfast,Cornerstone Records,Jazz,,844667039191,CD,11.50,2017
56605-3946-2,FOUR TET,New Energy,SD / Temporary Residence Ltd,Electronic,,656605394626,CD,12.00,2017
TEXT046CS,FOUR TET,New Energy,SD / Temporary Residence Ltd,Electronic,,656605394640,CS,8.00,2017
89749-5563-3,LES POULES a COLIN,Morose,FamGroup,Folk / Traditional,Canadian,689749556339,CD,9.83,2017
LAB011-1,"MELIGROVE BAND, THE",Planets Conspire,Label Obscura,Rock-Pop,Canadian,623339206310,"12""x2",16.38,2017
LAB012-1,"NILS, THE ",The Nils,Label Obscura,Rock-Pop,Canadian,623339206518,LP,13.75,2017
BIS019,PALMBOMEN II,Palmbomen II,SD / RVNG Int'l,Electronic,,700064952689,LPx2,15.00,2017
M6624,PARCELS,Overnight,Believe / Kitsune,Funk / Rock-Pop,,3700187666248,"12"" ",13.00,2017
MAG701,PHENOMENAL HANDCLAP BAND,Traveler's Prayer b/w Stepped Into The Light,Redeye / Magnifreeq,Soul / Funk / R & B,,623339207218,"7""",6.95,2017
MMG12,POLLYN,Anthology: Here Lies Pollyn (2003-2016),Light in the Attic / Music! Music Group,Electronic,,5053760030706,LPx3,51.25,2017
TCLR025,PROJECT PABLO,Hope You're Well,Ninja Tune / Technicolour,Electronic / Dance,Canadian - Montreal,5054429119503,"12"" EP",12.00,2017
K7354LP,RETO A ICHI (AKA Prefuse 73),The Lapse Of The Exchange,!K7,Electronic,,730003735417,LP,22.00,2017
THRILL039,"SEA AND CAKE, THE",The Fawn,Thrill Jockey,Rock / Pop,,790377003918,LP,18.67,2017
THRILL086,"SEA AND CAKE, THE",Oui,Thrill Jockey,Rock / Pop,,790377008616,LP,18.67,2017
THRILL116,"SEA AND CAKE, THE",One Bedroom,Thrill Jockey,Rock / Pop,,790377011616,LP,18.67,2017
63663-0022-9,THROANE,Plus Une Main A Mordre,Thrill Jockey,Black Metal,,3663663002292,CD,16.53,2017
DMP0153LP,THROANE,Plus Une Main A Mordre,Thrill Jockey,Black Metal,,634457797512,LP,27.67,2017
GI211lLP-C1,TOBACCO,Ultima II Massage (yellow vinyl),SD / Ghostly Int'l,Electronic,,623339207317,LPx2,13.00,2017
BBE415CLP,VARIOUS ARTISTS,If Music Presents - You Need This! An Introduction to Black Saint & Soul Note Records (1975-1985),!K7 / BBE,Jazz,,730003141515,LPx3,26.00,2017
STRUT107LP,VARIOUS ARTISTS,Trevor Jackson presents Metal Dance 2 (reissue),!K7 / Strut,New Wave / Industrial,,730003310713,LPx2+CD,25.00,2017
STRUT059LP,VARIOUS ARTISTS,Afro Rock Volume One (reissue),!K7 / Strut,World / Afro-Beat,,730003305917,LPx2,25.00,2017
29337-7213-2,VARIOUS ARTISTS,"One World, Many Voices: A Native American Music Collection",Canyon Records,First Nations,,729337721326,CD,12.90,2017
63663-0022-8,VASSAFOR,Malediction,Thrill Jockey,Black Metal,,3663663002285,CD,15.65,2017
54429-1198-1,VISIONIST,Value,Ninja Tune / Big Dada,Electronic,,5054429119817,CD,12.70,2017
BD284X,VISIONIST,Value  (180g gold vinyl),Ninja Tune / Big Dada,Electronic,INDIE ONLY,5054429119800,LP,20.00,2017
BD284,VISIONIST,Value (180g black vinyl),Ninja Tune / Big Dada,Electronic,,5054429119794,LP,20.00,2017
PR060,WHIMM,A Stare Ajar,Pleasence Records,Post Punk,Canadian,734463100396,"12""",12.65,2017
56605-4104-2,AKIRA SAKATA & CHIKAMORACHI,Proton Pump,SD / Family Vineyard,Jazz / Experimental,,656605410425,CD,12.00,2017
FV104,AKIRA SAKATA & CHIKAMORACHI,Proton Pump,SD / Family Vineyard,Jazz / Experimental,,656605410418,LP,16.00,2017
32375-7311-2,"ALEXANDER, ERIC",Songs of No Regrets,HighNote,Jazz,,632375731120,CD,13.75,2017
TAR055,"ASKEW, ED",Art And Life,Tin Angel Records,Folk,,5052442011125,LP,17.56,2017
52442-0111-1,"ASKEW, ED",Art And Life,Tin Angel Records,Folk,,5052442011118,CD,11.00,2017
FUM068,BLACKIE & THE RODEO KINGS,Kings & Kings,File Under: Music,Rock-Pop,,875531013627,LP,14.75,2017
DOC120,CALIFONE,Heron King Blues (Deluxe Reissue),SD / Dead Oceans,Rock-Pop,,656605142012,LPx2,19.00,2017
90377-0449-2,COLLEEN,"A flame my love, a frequency",Thrill Jockey,Electronic,,790377044928,CD,14.00,2017
FV103,"DORJI, TASHI & TYLER DAMON",Leave No Trace: Live In St. Louis,SD / Family Vineyard,Rock-Pop,,656605410319,LP,14.00,2017
TAR075,"DRIVER, RYAN",Careless Thoughts,Tin Angel Records,Jazz,,5052442010470,LP,17.56,2017
52442-0104-6,"DRIVER, RYAN",Careless Thoughts,Tin Angel Records,Jazz,,5052442010463,CD,11.00,2017
14427-9856-2,"DUBOIS, SCOTT",Autumn Wind,ACT,Jazz,,614427985620,CD,15.50,2017
ACTLP9856-1,"DUBOIS, SCOTT",Autumn Wind,ACT,Jazz,,614427985613,LPx2,20.00,2017
98787-3102-2,DUDE YORK,Halftime For The Holidays,Sub Pop / Hardly Art,Rock-Pop / Christmas,,098787310221,CD,11.07,2017
PRC342,FAN,Fire b/w Disappear ,Polyvinyl,Rock-Pop  crossfile: The Dodos,,644110034274,"7""",9.61,2017
14427-6020-2,"FRANCEL, MULO",Mocca Swing,ACT,Jazz,,614427602022,CDx2,15.50,2017
60146-0978-6,"GO! TEAM, THE",Semicircle,Redeye / Memphis Industries,Rock-Pop,,5060146097864,CD,12.96,2017
MI0477,"GO! TEAM, THE",Semicircle,Redeye / Memphis Industries,Rock-Pop,,5060146097888,LP,18.91,2017
MI0477X,"GO! TEAM, THE",Semicircle (indie only pink vinyl),Redeye / Memphis Industries,Rock-Pop,INDIE ONLY,5060146097895,LP,20.93,2017
ABT065,HONEY HARPER,Universal Country (hand-lathed vinyl),SD / Arbutus,Rock-Pop / Country,INDIE ONLY - Canadian,656605363165,"10""",28.00,2017
REWIG106,HOW TO DRESS WELL,Love Remains (reissue of their debut album),Domino,Rock-Pop,,887830010610,LP,19.73,2017
23134-0050-2,"JONES, SHARON & THE DAP-KINGS",Soul Of A Woman,Redeye / Daptone Records,Soul / Funk / R & B,,823134005020,CD,12.96,2017
DAPT050,"JONES, SHARON & THE DAP-KINGS",Soul Of A Woman,Redeye / Daptone Records,Soul / Funk / R & B,,823134005013,LP,18.91,2017
23134-0950-2,"JONES, SHARON & THE DAP-KINGS","Soul Of A Woman box set (includes Soul Of A Woman, I Learned The Hard Way & Give The People What They Want)",Redeye / Daptone Records,Soul / Funk / R & B,,823134095021,CDx3 boxset,23.94,2017
09015-6446-6,"LEBLANC, BENOIT ",Le Pain le Pays la Paix,Amerix Artists / Les Disques de L'Oye Blanche   ,Francophone: Rock-Pop,,609015644669,CD,9.83,2017
44667-0394-9,LEMON BUCKET ORKESTRA,If I Had The Strength,Meta4 Music,World,,844667039498,CD,8.50,2017
LBO005,LEMON BUCKET ORKESTRA,If I Had The Strength,Meta4 Music,World,,844667039481,LP,17.25,2017
SLANG50136,LIIMA,1982,Redeye / City Slang,Rock-Pop,,4250506824402,LP,19.90,2017
VCV001R,"MCLEAN, STUART",Vinyl Café Christmas Album [LIMITED QUANTITY],Zunior,Comedy / Spoken Word ,Canadian,623339208314,LP,17.50,2017
SC355,"MOLINA, JASON",The Black Sabbath Covers (side b is an etching),Secretly Canadian,Rock-Pop,INDIE ONLY (100 avb),656605035574,"7""",8.00,2017
14427-9842-2,MOŻDŻER - RANTALA - WOLLNY,Jazz at Berlin Philharmonic VII Piano Night,ACT,Jazz,,614427984227,CD,15.50,2017
26853-0920-0,"NELSON, WILLIE",Teatro - The Complete Sessions,Light In The Attic,Country,,826853092005,CD + DVD,24.25,2017
FROST004LPX,OST: VARIOUS ARTISTS,The Lobster (Transparent Vinyl),Light In The Attic / Fire Soundtracks,Soundtrack,,809236100450,LP,36.00,2017
FROST004LP,OST: VARIOUS ARTISTS,The Lobster,Light In The Attic / Fire Soundtracks,Soundtrack,,809236100443,LP,32.50,2017
32375-7309-2,"PERSON, HOUSTON",Rain or Shine,HighNote,Jazz,,632375730925,CD,13.75,2017
M6644,PETIT BISCUIT,Presence,Believe /  Petit Buscuit,Electronic,,3700187666446,CD,9.83,2017
M6645,PETIT BISCUIT,Presence,Believe /  Petit Buscuit,Electronic,,3700187666453,LP,20.00,2017
74355-1623-2,"PLOUG, MIKKEL",Alleviation,Songlines,Jazz,,774355162323,CD,11.50,2017
14427-9851-1,"RANTALA, IIRO & WAKENIUS, ULF",Good Stuff,ACT,Jazz,,614427985125,CD,15.50,2017
ACTLP9851-1,"RANTALA, IIRO & WAKENIUS, ULF",Good Stuff,ACT,Jazz,,614427985118,LP,16.00,2017
23339-2082-2 ,SHAUIT,Apu Peikussiat,PASA Musik,Reggae / Folk ,,623339208222,CD,9.83,2017
00116-5147-2,SHOPPING,The Official Body,SD / FatCat Records,Rock-Pop,,600116514721,CD,12.00,2017
FAT0147,SHOPPING,The Official Body,SD / FatCat Records,Rock-Pop,,600116514714,LP,19.00,2017
FAT0147lp-C1,SHOPPING,The Official Body,SD / FatCat Records,Rock-Pop,INDIE ONLY,600116514790,LP,19.00,2017
60248-8306-2,SIZZLA,Fought For Dis,Baco Records,Reggae,,3760248830629,CD,13.85,2017
50506-8270-7,SON LUX,Brighter Wounds,Redeye / City Slang,Rock-Pop,,4250506827076,CD,12.99,43140
SLANG50140,SON LUX,Brighter Wounds,Redeye / City Slang,Rock-Pop,,4250506827083,LP,19.99,43140
SLANG50140LTD,SON LUX,Brighter Wounds (indie only pink vinyl),Redeye / City Slang,Rock-Pop,INDIE ONLY,4250506827816,LP,19.99,43140
BR047LP,SONS OF CROM,The Black Tower,Redeye / Bindrune Recordings,Black Metal,,634457850811,LP,23.17,2017
TAR076,"STARLING, MARKER",Anchors and Ampersands,Tin Angel Records,Rock-Pop,Canadian,5052442010685,LP,17.56,2017
52442-0106-7,"STARLING, MARKER",Anchors and Ampersands,Tin Angel Records,Rock-Pop,Canadian,5052442010678,CD,11.00,2017
AKR132lp-C1,"STEVENS, SUFJAN",Blue Bucket of Gold / Hotline Bling (Feat. Gallant),SD / Asthmatic Kitty,Rock-Pop,INDIE ONLY (250 avb),656605613611,"12""",12.00,2017
AKR134CS,"STEVENS, SUFJAN",Greatest Gift (translucent yellow CS),SD / Asthmatic Kitty,Rock-Pop,,656605613833,CS,8.00,2017
AKR134,"STEVENS, SUFJAN",Greatest Gift (translucent yellow vinyl),SD / Asthmatic Kitty,Rock-Pop,INDIE ONLY (300 avb),656605613819,LP,16.00,2017
SIGE037,SUMAC,The Deal,Thrill Jockey / Sige Records,Metal,,634457797413,LPx2,33.00,2017
67257-6250-2,"TRAORÉ, BOUBACAR",Dounia Tabolo,Lusafrica,World,,3567257625020,CD,11.73,2017
SJRLP398,VARIOUS ARTISTS,STUDIO ONE Black Man's Pride,Soul Jazz Records,Reggae,,5026328003986,LP,27.25,2017
26328-1040-1,VARIOUS ARTISTS,Dancehall: The Rise Of Jamaican Dancehall Culture,Soul Jazz Records,Reggae,,5026328104010,CD x2,20.00,2017
SJRLP401,VARIOUS ARTISTS,Dancehall: The Rise Of Jamaican Dancehall Culture,Soul Jazz Records,Reggae,,5026328004013,LPx3,31.75,2017
BBE435CLP,VARIOUS ARTISTS,"The Library Archive - Funk, Jazz, Beats and Soundtracks from the Vaults of Cavendish Music",!K7 / BBE,Funk / Jazz / OST,,730003143533,LPx2,23.00,2017
SC359,WHITNEY,Light Upon The Lake: Demo Recordings,Secretly Canadian,Rock-Pop,,656605035918,LP,14.00,2017
