23339-1688-2,"HILL, STEVE",Solo Recordings Vol 1 1/2,No Label Records,Rock-Pop,,623339168823,CD, $6.00 ,Nov-13
23339-2167-2,"CHOUINARD, KEVEN",Laissons nous s'aimer,Milagro,Rock-Pop,,623339216722,CD, $9.83 ,Jun-18
33651-0293-2,"CACTUS BLOSSOMS, THE",You're Dreaming,Compass Records / Red House Records,Americana,,033651029328,CD, $11.50 ,Jan-16
RHR293,"CACTUS BLOSSOMS, THE",You're Dreaming,Compass Records / Red House Records,Americana,,033651029311,LP, $22.33 ,Jan-16
THRILL459C,"SEA AND CAKE, THE",Any Day (White Vinyl),Thrill Jockey,Rock-Pop,INDIE ONLY,790377459111,LP, $18.67 ,May-18
20953-5660-2,ARAPACIS,Obsolete Continuum,Groupe Musik,Electronic,Canadian,620953566028,CD, $11.00 ,Feb-18
20953-4946-2,ARAPACIS,A Disturbing Awakening,Note Musik,Metal / Rock-Pop,,620953494628,CD, $11.00 ,Feb-16
20953-4456-2,ARAPACIS,Netherworld,Note Musik,Metal / Rock-Pop,,620953445620,CD, $11.00 ,Feb-16
20953-5397-2,ARAPACIS,System Deceive,Note Musik,Metal,,620953539725,CD, $11.00 ,Apr-16
20953-4908-2,"FAGELLI, LEONARDO ",Buona Notte,Note Musik,Electronic,,620953490828,CD, $11.00 ,IMMEDIATE
20953-4868-2,"FAGELLI, LEONARDO ",Departure,Note Musik,Electronic,,620953486821,CD, $11.00 ,IMMEDIATE
20953-4860-2,"FAGELLI, LEONARDO ",Quantum,Note Musik,Electronic,,620953486029,CD, $11.00 ,IMMEDIATE
20953-4788-2,"FAGELLI, LEONARDO ",Knight of the Pyramid,Note Musik,Electronic,,620953478826,CDx2, $11.00 ,IMMEDIATE
RELIC93,YELLOW EYES,Immersion Trench Reverie,Thrill Jockey,Black Metal,,798576902261,LP, $24.97 ,23-Feb-18
JAG322lp-C1,UNKNOWN MORTAL ORCHESTRA,Sex & Food (indie only coloured vinyl),SD / Jagjaguwar,Rock-Pop,INDIE ONLY,656605232232,LP, $16.00 ,Apr-18
AKR375,"STEVENS, SUFJAN",Tonya Harding (VERY limited),SD / Asthmatic Kitty,Rock-Pop,INDIE ONLY,656605613420,"7""", $4.50 ,Apr-18
ZEN236X,BONOBO,Migration [Deluxe Edition includes special editon Migration zine & art card set],Ninja Tune,Electronic,,5054429007145,LPx2, $32.80 ,Jan-17
ZEN248X,YOUNG FATHERS,Cocoa Sugar (limited edition indie only red vinyl version),Ninja Tune,Rock-Pop,INDIE ONLY,5054429132113,LP, $20.00 ,Mar-18
ERATP109LE,RIVAL CONSOLES,Persona (Indie only - clear vinyl),Redeye / Erased Tapes,Electronic,INDIE ONLY,4050486114476,LPx2, $26.96 ,Apr-18
SOR006,"SKATALITES, THE",Foundation Ska,Redeye / Studio One,Reggae / Ska,,634457900615,LPx2, $24.94 ,Mar-17
34457-1577-2,"SPAGHETTI, EDDIE",Extra Sauce,Redeye / Mid Fi Recordings,Rock-Pop,,634457157729,CD, $10.99 ,IMMEDIATE
34457-1677-2,"SPAGHETTI, EDDIE ",Old No. 2,Redeye / Mid-Fi Recording ,Rock-Pop,,634457167728,CD, $10.99 ,Oct-05
45121-0303-1,"SWEANY, PATRICK",That Old Southern Drag,Redeye / Nine Mile Records,Rock-Pop,,845121030310,CD, $12.96 ,Apr-14
07541-8080-2,"SWEANY, PATRICK BAND",Henryfordbedroom,Redeye / Nine Mile Records,Rock-Pop,,707541808026,CD, $10.01 ,Apr-14
95081-2027-2,"TELL-TALE HEARTS, THE",Anthology 1983-1986: High Tide (Big Noses & Pizza Faces),Redeye / Voxx Records,Rock-Pop,,095081202726,CD, $14.30 ,IMMEDIATE
56605-9577-2,THEMSELVES [Doseone and Jel],theFREEhoudini (Deluxe) [Very Limited! Individually Numbered!],Redeye / Anticon,Hip Hop,,656605957722,CD, $10.01 ,Apr-09
59656-0469-2,"TIMONY, MARY",The Shapes We Make,Redeye / Kill Rock Stars,Rock-Pop,,759656046923,CD, $12.96 ,1-May-09
34457-2008-2,TWO DOLLAR PISTOLS,Step Right Up,Yep Roc,Country,,634457200821,CD, $9.90 ,
34457-2070-2,TWO DOLLAR PISTOLS,Hands Up!,Yep Roc,Country,,634457207028,CD, $9.90 ,May-04
95081-1057-2,VARIOUS ARTISTS,Surfbeat from Behind the Iron Curtain Vol. 1,Redeye / AIP,Rock-Pop,,095081105720,CD, $14.30 ,IMMEDIATE
95081-1058-2,VARIOUS ARTISTS,Essential Pebbles Vol. 1,Redeye / AIP,Rock-Pop,,095081105829,CD, $17.97 ,IMMEDIATE
95081-4059-2,VARIOUS ARTISTS,Pop On Top,Redeye / Bomp! Records,Rock-Pop,,095081405929,CD, $12.96 ,IMMEDIATE
66017-0218-2,VARIOUS ARTISTS,Out Patients 2,Redeye / Hospital Records,Electronic,,666017021829,CDx2, $12.96 ,Jan-01
34457-2005-2,VARIOUS ARTISTS,Revival Vol.  2 - Kudzu And Hollerin' Contest,Yep Roc,Rock-Pop / Roots,,634457200524,CD, $7.87 ,Sep-01
34457-1709-2,VAST,Turquoise & Crimson,Redeye / 2Blossoms Records,Rock-Pop,,634457170926,CD, $12.96 ,IMMEDIATE
55300-3856-9,VENETIAN SNARES,Traditional Synthesizer Music,Redeye / Planet Mu / Timesig,Electronic,Canadian,5055300385697,CD, $12.96 ,Feb-16
34457-5282-2,"WOODS, MITCH",Gumbo Blues,Redeye / Vizz Tone Label Group,Blues,,634457528222,CD, $12.96 ,IMMEDIATE
58454-0032-2,BATHS,Obsidian,Redeye / Anticon,Electronic/Pop,,858454003210,CD, $12.96 ,Jun-13
60156-6503-4,NEW MODEL ARMY,Anthology (Box Set),Redeye / Attack Attack,Rock-Pop,,5060156650349,DVD, $47.77 ,IMMEDIATE
SHEATH038,AEGES,The Bridge,Redeye / The Mylene Sheath,Rock-Pop,,634457560215,LP, $13.94 ,IMMEDIATE
GBR1531,APPLEWOOD ROAD,Applewood Road (180g LP),Redeye / Gearbox Records,Rock-Pop,,5065001717352,LP, $25.83 ,2-Dec-16
SHEATH030,BEWARE OF SAFETY,Leaves/Scars (2xLP),Redeye / The Mylene Sheath,Rock-Pop,,798546267918,LPx2, $23.96 ,IMMEDIATE
RAS1111,"BLAKE, JAMES","Love What Happened Here 12""",Redeye / R&S Records,Electronic,,5055274701592,"12""", $11.98 ,Apr-13
HSH083,"BRODERICK, PETER",Home,Redeye / Hush Records,Rock-Pop,,616892026341,LP, $13.94 ,IMMEDIATE
ALIVE0086,BUFFALO KILLERS,Let it Ride LP,Redeye / Alive Records,Rock-Pop,,095081008618,LP, $18.95 ,IMMEDIATE
BRGR933,DEATH VALLEY GIRLS,Glow in the Dark,Redeye / Burger Records,Rock-Pop,,634457722415,LP, $19.93 ,Jun-16
OFR046,DISTANT CORRESPONDENT,Distant Correspondent,Redeye / Old Flame Records,Rock-Pop,,634457617414,LP, $15.20 ,Dec-13
BEST004,DISTRACTIONS,Dark Green Sea,Redeye / Infinite Best,Rock-Pop,,600197550410,LP, $10.01 ,IMMEDIATE
NSWL016,EGYPTRIXX,Water (Reduced),Redeye / Night Slugs,Rock-Pop,,5060120876577,"12""", $12.96 ,Oct-13
ZIQ338,EKOPLEKZ,Unfidelity,Redeye / Planet Mu Records Ltd,Electronic,,5055300374547,LP, $22.92 ,Mar-14
KRS464,ERASE ERRATA,Night Life,Redeye / Kill Rock Stars,Rock-Pop,,759656046411,LP, $12.96 ,1-May-09
DG027,"ERGS, THE",That's It ... Bye ,Redeye / Don Giovanni,Rock-Pop,,633757217614,"12""", $8.49 ,IMMEDIATE
AMB1503,ESKMO,SOL,Redeye / Apollo Records,Electronic,,5055274705170,LP, $20.92 ,Mar-15
MEDIC46,ETHERWOOD,"You'll Always Be A Part Of Me - 7""",Redeye / Med School,Electronic,,5060208845501,"7""", $11.98 ,Mar-15
FOF124,EVENINGS,Yore,Redeye / Friends Of Friends,Electronic,,634457699519,LP, $17.97 ,Apr-13
FFINC018,FACTOR,Lawson Graham LP,Redeye / Fake Four,Rap / Hip Hop,,616892086963,LP, $12.96 ,IMMEDIATE
BAD001,FREE WEED,Introducing,Redeye / Bad Diet,Rock-Pop,,634457674318,LP, $19.93 ,Feb-15
SLR187,GIRLS NAMES,The New Life,Redeye / Slumberland Records,Rock-Pop,,749846018717,LP, $14.96 ,26-Feb-13
KRS557,GOSPEL MUSIC,"How To Get To Heaven From Jacksonville, FL",Redeye / Kill Rock Stars,Rock-Pop,,759656055710,LP, $13.94 ,Oct-11
VOX2025,GRAVEDIGGER V,All Black and Hairy,Redeye / Voxx Records,Rock-Pop,,095081202511,LP, $16.98 ,IMMEDIATE
16892-5438-4,GROOVIE GHOULIES,World Contact Day,Redeye / Green Door Recording Co.,Punk,,616892543848,CD, $12.96 ,Feb-18
GDRC3020,GROOVIE GHOULIES,Born In The Basement (coloured vinyl),Redeye / Green Door Recording Co.,Rock-Pop,,634457727618,LP, $18.95 ,Sep-16
HMK011,HAMMOCK,Oblivion Hymns,Redeye / Hammock Music,Rock-Pop,,634457628717,LP, $25.92 ,Nov-13
GBR1506,"HARRIOTT, JOE","Partying With Joe (INDIE EXCLUSIVE - 180g 12"")",Redeye / Gearbox Records,Jazz,INDIE ONLY,5065001717055,"12""", $19.93 ,8-Apr-11
NHSS203,HIGH CONTRAST FEATURING SELAH CORBIN,The Agony & The Ecstasy,Redeye / Hospital Records,Electronic,,5060208842449,LP, $6.97 ,Feb-12
ABR0086,"HILL, ZACH [of HELLA]","Astrological Straits [features Les Claypool, No Age's Randy Randall and Dean Spunt, !!!/LCD Soundsystems' Tyler Pope and more]",Redeye / Anticon,Rock-Pop,,656605859415,LPx2, $23.24 ,Aug-08
KRS495,HORSE FEATHERS,House With No Home,Redeye / Kill Rock Stars,Rock-Pop,,759656049511,LP, $13.94 ,1-May-09
KRS510,HORSE FEATHERS,Cascade,Redeye / Kill Rock Stars,Rock-Pop,,759656051071,"7""", $5.01 ,Oct-09
TE135,IT LOOKS SAD,"It Looks Sad - 7""",Redeye / Tiny Engines,Rock-Pop,,633757251274,"7""", $8.49 ,Aug-14
PRB004,"JONES, JIM REVUE",Burning Your House Down,Redeye / Punk Rock Blues Records,Rock-Pop,,614511781725,LP, $17.97 ,IMMEDIATE
SHEATH018,JUNIUS,The Martyrdom Of A Catastrophist (2xLP),Redeye / The Mylene Sheath,Rock-Pop,,879198004080,LPx2, $22.92 ,IMMEDIATE
VGR002,"KENNIFF, KEITH",Branches,Redeye / Village Green,Electronic,,5051083067270,LP, $20.92 ,Jan-12
EHSE014,"KING, LIZZ",All Songs Go To Heaven,Redeye / Ehse Records,Rock-Pop,,634457672215,LP, $17.97 ,IMMEDIATE
KRS587,"KONDABOLU, HARI",Waiting For 2042,Redeye / Kill Rock Stars,Comedy,,759656058711,LP, $18.95 ,Dec-14
KS008,"KRAUS, CAITLIN",Caitlin Kraus,Redeye / Keeled Scales,Folk,,099651059406,"7"" ", $5.99 ,15-Jun-16
NHSS081,LOGISTICS,Spacejam EP,Redeye / Hospital Records,Electronic,,666017099361,LP, $11.98 ,Nov-10
NHSS094,LONDON ELEKTRICITY,Hanging Rock,Redeye / Hospital Records,Electronic,,666017121369,LP, $8.94 ,Sep-05
MAGICRS001,LONE,Lemurian,Redeye / R&S Records,Electronic,,5055274705613,LP, $21.92 ,Jul-15
RAS1310,LONE,Airglow Fires,Redeye / R&S Records,Electronic,,5055274702773,"12""", $10.01 ,Aug-13
YEP2444,"MANDELL, ELENI",Dark Lights Up ,Yep Roc,Rock-Pop,,634457244412,LP, $19.72 ,Jul-15
MF1401,TAKUYA MATSUMOTO,RAM EP,!K7 / Meda Fury,Electronic,,5055274703688,"12""", $14.00 ,25-Jan-11
BARK101,MENOMENA,Mines [Includes mp3 download],Redeye / Barsuk Records,Rock-Pop,,655173110119,LPx2, $21.88 ,Jul-10
YEP2052,"MINUS 5, THE",Down With Wilco,Yep Roc,Rock-Pop,,634457205215,LPx2, $23.70 ,Jun-04
APOLLO3,MODEL 500,"The Passage - 12""",Redeye / Apollo Records,Electronic,,5055274704227,"12""", $11.98 ,Jan-15
RAS1511,MOIRE,Gel EP,Redeye / R&S Records,Electronic,,5055274705972,"12""", $11.98 ,Apr-16
GRR039,MONSTER RALLY & JAY STONE,Foreign Pedestrians,Redeye / Gold Robot Records,Hip Hop / Rap,,634457667419,LP, $15.20 ,Jan-15
BEST006,MR TWIN SISTER,Vampires with Dreaming Kids,Redeye / Infinite Best,Soul / R & B / Funk,,656605786414,LP, $14.30 ,IMMEDIATE
GRON146,MUELLER-ROEDELIUS,Imagori,Redeye / Groenland Records,Electronic,,5060238631914,LP, $18.95 ,Sep-15
KS022,"NESH, MOSES",No Labor-Saving Machine,Redeye / Keeled Scales,Folk,,099651059499,LP, $19.90 ,21-Apr-17
NHSS214,NETSKY,Love Has Gone,Redeye / Hospital Records,Electronic,,5060208842869,"12"" ", $6.97 ,Jul-12
SLR057,NORD EXPRESS,Central,Redeye / Slumberland Records,Rock-Pop,,749846105714,LP, $14.96 ,1-May-97
ALIVE0117,OCCULT DETECTIVE CLUB,Crimes ,Redeye / Alive Records,Rock-Pop,,095081011717,LP, $16.09 ,IMMEDIATE
LPGSD105,OVER THE RHINE,Long Surrender,Redeye / Great Speckled Dog,Rock-Pop,,634457538412,LP, $19.93 ,Feb-11
GSD106,OVER THE RHINE,Meet Me At The Edge Of The World,Redeye / Great Speckled Dog,Rock-Pop,,634457605114,LP, $24.94 ,Sep-13
OFR055,"PHARMACY, THE",Spells,Redeye / Old Flame Records,Rock-Pop,,634457650619,LP, $18.95 ,Aug-14
KRS584,QUASI,Mole City,Redeye / Kill Rock Stars,Rock-Pop,,759656058414,LPx2, $23.96 ,Oct-13
RS001,RADIO SLAVE,Feel the Same,Redeye / Rekids,Electronic,,5060519683359,LPx3, $29.91 ,Nov-17
SA02,"RAY, GEMMA",Down Baby Down,Redeye / Bronze Rat / Series Aphonos,Rock-Pop,,5051083068048,LP+CD, $17.97 ,IMMEDIATE
KS005,REAL LIVE TIGERS,Denatured,Redeye / Keeled Scales,Folk,,099651059390,LP, $19.90 ,15-Apr-16
YEP2231,REVEREND HORTON HEAT,25 To Life (boxset),Yep Roc ,Rock-Pop,,634457223110,LPx2+DVD, $39.44 ,Aug-12
YEP2320,"RICHEY, KIM",Thorn In My Heart,Yep Roc ,Rock-Pop,,634457232013,LP+CD, $22.67 ,Apr-13
TA0117,SANDY PUSSY,Sandy Pussy,Redeye / Total Acceptance,Rock-Pop,,819162014479,LP, $18.95 ,Apr-14
BTV070,SAXON SHORE,The Exquisite Death of Saxon Shore,Redeye / Burnt Toast Vinyl,Rock-Pop,,634457166110,LP, $17.97 ,IMMEDIATE
DG030,SCREAMING FEMALES,What If Someone Is Watching Their TV?,Redeye / Don Giovanni,Rock-Pop,,634457643017,LP, $15.20 ,IMMEDIATE
AMB1506,"SHAH, NADINE",Fast Food,Redeye / Apollo Records,Electronic,,5055274705064,LP, $21.98 ,May-15
AMB1306,SHAH.NADINE,Dreary Town,Redeye / Apollo Records,Rock-Pop,,5055274702469,LP, $10.01 ,Jun-13
RAS1008,SPACE DIMENSION CONTROLLER,Temporary Thrillz (2LP),Redeye / R&S Records,Electronic,,5055274701264,LPx2, $19.93 ,Apr-13
RAS1613,SPORTING LIFE,Slam Dunk,Redeye / R&S Records,Electronic,,5055274707204,LPx2, $22.88 ,May-17
DG044,"STEVENSON, LAURA & THE CANS",Sit Resist,Redeye / Don Giovanni,Rock-Pop,,616822098417,LP, $15.20 ,IMMEDIATE
DG064,STORMSHADOW,Set On Destroy,Redeye / Don Giovanni,Rock-Pop,,633757238510,LP, $15.20 ,IMMEDIATE
MF201,TAHITI 80,Ballroom,Redeye / Minty Fresh,Rock-Pop,,796627020117,LP, $24.94 ,Dec-14
RAS1513,TALE OF US,North Star / Silent Space,Redeye / R&S Records,Electronic,,5055274706276,"12""", $11.98 ,Apr-16
BTV076,UNWED SAILOR,The Faithful Anchor ,Redeye / Burnt Toast Vinyl,Rock-Pop,,634457177918,LP, $12.96 ,IMMEDIATE
AIP6055,VARIOUS ARTISTS,Pebbles Vol. 12,Redeye / AIP,Rock-Pop,,790168605512,LP, $16.98 ,IMMEDIATE
ZIQ173,"VIBERT, LUKE",Mate Tron,Redeye / Planet Mu Records Ltd,Electronic,,600116817310,"12""", $10.01 ,IMMEDIATE
RAS1305,VONDELPARK,California Analog Dream,Redeye / R&S Records,Rock-Pop,,5055274702544,"12""", $10.01 ,Jun-13
OTS0070,"WALKER, CHARLES & BETTYE LAVETTE",Yours & Mine,Redeye / Outta Sight Records,Rock-Pop,,634457565074,"7""", $5.01 ,May-12
RAS1606,"WHITE, PAUL ft. DANNY BROWN",Accelerator/Lions Den,Redeye / R&S Records,Electronic,,5055274706733,"12""", $10.91 ,May-17
ABR0055LP,WHY?,Elephant Eyelash,Redeye / Anticon,Hip Hop / Electronic,,655035505510,LP, $15.20 ,Apr-06
ABR0128,WHY?,"Mumps, etc.",Redeye / Anticon,Rap/Alternative,,858454003111,LP, $15.20 ,Oct-12
SUND5368,"YARDBIRDS, THE",Little Games,"Redeye / Sundazed Music, Inc.",Rock-Pop,,090771536815,LP, $25.53 ,15-Dec-17
26853-0056-2,"BARRETT, PASTOR TL & THE YOUTH FOR CHRIST CHOIR",Like A Ship (Without A Sail),Light In The Attic,Soul/Funk,,826853005623,CD, $15.13 ,Jul-10
56605-3223-2,"BASINSKI, WILLIAM",The Disintegration Loops,SD / Temporary Residence,Experimental,,656605322322,CD, $12.00 ,Sep-14
LBJ72LP,BRIGHT EYES,I'm Wide Awake It's Morning,Saddle Creek ,Rock-Pop,,648401007213,LP, $21.18 ,Jan-05
39857-9101-2,"BROWN, JAMES",The Explosive James Brown,Redeye / Contrast Records,Soul / Funk / R & B,,639857910127,CD, $12.96 ,Sep-17
39857-9102-2,"BROWN, JAMES",Night Train: Mighty Instrumentals,Redeye / Contrast Records,Soul / Funk / R & B,,639857910226,CD, $12.96 ,Sep-17
90377-0163-2,CALIFONE,Roots and Crowns,Thrill Jockey,Rock-Alternative,,790377016321,CD, $14.25 ,IMMEDIATE
LITA079,"CHAPMAN, MICHAEL",Rainmaker,Light In The Attic,Folk-Rock,,826853007917,LP, $22.00 ,Jan-12
LITA101,"CHAPMAN, MICHAEL",Wrecked Again,Light In The Attic,Folk/Rock,,826853010115,LP, $25.85 ,May-13
LITA111,"CHARLES, BOBBY",Bobby Charles,Light In The Attic,Rock-Pop,,826853011112,LP, $25.85 ,Feb-14
82388-0364-2,COMBICHRIST,Everybody Hates You,Metropolis ,Industrial / Electronic,,782388036429,CD, $12.24 ,Mar-05
RESEARCH01,DAMO SUZUKI NETWORK,The Swiftsure Sessions,Light In The Attic / Research Records,Rock / Pop,,5050580676640,LP, $29.30 ,Nov-17
26853-0134-2,"DESCLOUX, LIZZY MERCIER",Press Color [Special Reissue],Light In The Attic,Rock-Pop,,826853013420,CD, $15.62 ,Aug-15
26853-0097-2,"ERICKSON, ROKY",The Evil One,Light In The Attic,Rock-Pop,,826853009720,CD, $15.62 ,Sep-13
DNO183,FOUR TET,Ringer,Domino,Electronic,,801390018312,"12""x2", $14.25 ,May-08
ARD8547,GREYHOUNDS,Accumulator,Redeye / Ardent Music,Rock-Pop,,766887854715,LP, $21.90 ,Apr-14
WW004-G,"HARRISON, JOHN","Creepshow (1982 Original Soundtrack, Deep Red with Blue Smoke Colour)",Light In The Attic,Soundrack,,728028451191,LP , $41.17 ,Sep-17
00116-1308-2,HAUSCHKA,Ferndorf,SD / FatCat Records,Rock-Pop,,600116130822,CD, $12.00 ,IMMEDIATE
LITA087,"HAZELWOOD, LEE",A House Safe For Tigers,Light In The Attic,Pop,,826853008716,LP, $25.85 ,Aug-12
LITA096,"HAZLEWOOD, LEE",Trouble In A Lonesome Town,Light In The Attic,Rock-Pop,,826853009614,2xLP, $23.93 ,Mar-13
LITA061,"HURLEY, MICHAEL",Have Moicy!,Light In The Attic,Folk,,826853006118,LP, $22.55 ,Apr-11
LITA062,"HURLEY, MICHAEL",Long Journey,Light In The Attic,Folk,,826853006217,LP, $22.55 ,Apr-11
LITA063,"HURLEY, MICHAEL",Snockgrass,Light In The Attic,Folk,,826853006316,LP, $22.55 ,May-11
SBR022,"JESUS, ZOLA",The Spoils,SD / Sacred Bones,Rock/Alternative,,656605432212,LP, $16.00 ,IMMEDIATE
LITA050,"KRISTOFFERSON, KRIS","Please Don't Tell Me How The Story Ends: The Publishing Demos 1968-72 [180g, gatefold, liner notes feat. new interviews with Kris & others, testimonials from Dennis Hopper & Merle Haggard, full lyrics & track-by-track notes from Kris]",Light In The Attic,Country ,,826853005012,LPx2, $32.45 ,May-10
MET1016,"LEGENDARY PINK DOTS, THE",Pages of Aquarius,Metropolis,Rock-Pop / Psychedelic,,782388101615,LPx2, $32.00 ,Apr-16
LITA074,"LOUVIN BROTHERS, THE",Handpicked Songs 1955-1962,Light In The Attic,Country,,826853007412,LP, $23.50 ,Nov-11
26853-0042-2,MONKS,Black Monk Time,Light In The Attic,Rock-Pop / Garage,,826853004220,CD, $15.62 ,Oct-09
BRM0001,"MORELAND, GWYNETH","Ceilings, Floors & Open Doors [Blue]",There Records,Folk,,040232405150,LP, $17.20 ,IMMEDIATE
FDR630,"MOSES, LEE",Time & Place,Light In The Attic,Soul,, 826853063012 ,LP, $27.50 ,Aug-16
83888-0021-2,OFF!,First Four Eps,VICE Music,Punk,,883888002126,CD, $11.00 ,Feb-11
26853-7933-2,OST,Assault On Precinct 13 [John Carpenter],Light In The Attic / Death Waltz,Soundtrack,,826853793322,CD, $14.25 ,Nov-13
CINE806,OST,Jodorowsky's Dune [Kurt Stenzel],Light In The Attic / Cinewax,Score,,826853080613,2xLP, $31.35 ,Nov-15
LNRS001,OST,Street Trash [Original Motion Picture Soundtrack] [Rick Ulfik],Light In The Attic / Lunaris,Score,,612524705844,LP, $32.45 ,Aug-14
MOND083,OST,Gremlins (Jerry Goldsmith),Light In The Attic,Soundtrack,,616892444442,LPX2, $53.50 ,Dec-16
WW012,OST,Nosferatu The Vampyre [Popol Vuh],Light In The Attic / WaxWork,Horror Score,,728028399813,2xLP, $48.40 ,IMMEDIATE
SD001,OST,Surf Nazis Must Die Original 1987 Motion Picture Score [Jon Mccallum],Light In The Attic / Strange Disc,Horror Score,,826853749114,LP, $28.61 ,Sep-14
26853-0080-2,"RENE, WENDY",After Laughter Comes Tears - Complete Stax & Volt Singles & Rarities 1964-65,Light In The Attic,Soul,,826853008020,CD, $14.58 ,Feb-12
MCR905,SEEFEEL,Quique ,Light In The Attic / Modern Classics,Rock-Pop,,826853090612,LPx2, $32.45 ,Sep-13
26853-0053-2,"SZABO, GABOR",Jazz Raga,Light In The Attic,Jazz,,826853005326,CD, $15.62 ,Jun-10
LITA086,THIN LIZZY,Thin Lizzy,Light In The Attic,Rock,,826853008617,LP, $24.56 ,Jul-12
CST065,TINDERSTICKS,Falling Down A Mountain,Constellation Records,Rock/Alternative,,666561006518,LP (180 gram), $14.25 ,IMMEDIATE
LITA091,"VALLE, MARCOS",Garra,Light In The Attic,Bossa Nova,,826853009119,LP, $25.85 ,Jan-13
LITA093,"VALLE, MARCOS",Previsao Do Tempo,Light In The Attic,Bossa Nova,,826853009317,LP, $23.93 ,Feb-13
26853-0083-2,VARIOUS ARTISTS,Country Funk,Light In The Attic,Country-Funk,,826853008327,CD, $15.62 ,Jul-12
26853-0156-2,VARIOUS ARTISTS,Even A Tree Can Shed Tears Japanese Folk & Rock 1969-1973,Light In The Attic,World/Folk,,826853015622,CD, $17.70 ,Oct-17
IMAR111LP,VARIOUS ARTISTS,Hillbilies In Hell Vol. 5,Light In The Attic / Iron Mountain Analog Research,Country,,934334406927,LP, $28.50 ,Feb-18
LITA156,VARIOUS ARTISTS,Even A Tree Can Shed Tears Japanese Folk & Rock 1969-1973,Light In The Attic,World/Folk,,826853015615,LPX2, $34.27 ,Oct-17
80615-8066-1,"VAUGHAN, ANDREW",John Hartford: Pilot of a Steam Powered Aereo-plain (Hardcover Book + CD),Compass Records / Stuffworks Press,Book,,9780615806617,CD+Book, $30.00 ,Sep-13
LITA126,"VEGA, ALAN, CHILTON, ALEX & VAUGHN, BEN",Cubist Blues,Light In The Attic,Rock-Pop,,826853012614,2xLP, $28.61 ,Dec-15
CT282LP-C1,WILD NOTHING,Indigo (Indie only coloured vinyl),SD / Captured Tracks,Rock-Pop,INDIE ONLY,817949015657,LP, $19.00 ,Aug-18
COMLP4645,"WITT, ALICIA",Revisionary History,Compass Records,Rock-Pop,,766397464510,LP, $17.20 ,Apr-15
66397-4644-2,"WITT, ALICIA",Revisionary History,Compass Records,Rock-Pop,,766397464428,CD, $11.00 ,Apr-15
THRILL464L,WOODEN SHJIPS,V (Lavender Vinyl),Thrill Jockey,Rock-Pop,,790377464313,LP, $20.50 ,May-18
44110-0363-2,PHANTASTIC FERNITURE,Phantastic Ferniture,Polyvinyl,Rock-Pop,,644110036322,CD, $14.00 ,
PRC363,PHANTASTIC FERNITURE,Phantastic Ferniture,Polyvinyl,Rock-Pop,,644110036315,LP, $22.00 ,
34457-6285-2,"DEVANEY, DJ CHARLOTTE",Flip It! (ft. Snoop Dogg),Redeye / CMI World Wide,Electronic,,634457628526,CD, $7.96 ,Oct-13
34457-6037-2,KROOKED TREEZ,Higher Place,Redeye / CMI World Wide,Reggae,,634457603721,CD, $12.96 ,Jul-13
OCF1018,KROOKED TREEZ,Higher Place,Redeye / CMI World Wide,Reggae,,634457603714,LP, $18.95 ,Jul-13
BSCR015,"EYCK, CAROLINA",Fantasias for Theremin and String Quartet (translucent green LP),Redeye / Butterscotch Records,Classical Crossover,,634457738713,LP, $21.92 ,Oct-16
59708-7431-6,LOW CUT CONNIE,Call Me Sylvia,Redeye / Contender Records,Rock-Pop,,859708743166,CD, $11.98 ,Jul-12
47216-6095-2,KOENJIHYAKKEI,Nivraym,Redeye / SKiN GRAFT Records,Rock-Pop,,647216609520,CD, $12.96 ,Apr-09
34457-5504-2,VARIOUS ARTISTS,"Istanbul 70: Psych, Disco, Folk Classics",Redeye / Nublu,World,,634457550421,CD, $12.96 ,IMMEDIATE
23235-2111-2,"B-GIRLS, THE",Who Says Girls Can't Rock?,Redeye / Other Peoples Music,Rock-Pop,,623235211128,CD, $12.96 ,IMMEDIATE
ASR051,NORTHBOUND,Death Of A Slug,Redeye / Animal Style Records,Rock-Pop,,603111974415,LP, $15.20 ,Oct-15
BTV084,STARFLYER 59,Dial M ,Redeye / Burnt Toast Vinyl,Rock-Pop,,634457504219,LP, $16.89 ,IMMEDIATE
BTV089,MEWITHOUTYOU,It's All Crazy! It's All False It's All A Dream! It's Alright,Redeye / Burnt Toast Vinyl,Rock-Pop,,634457513716,LP, $19.90 ,IMMEDIATE
BW001,"HASUNUMA, SHUTA & U-ZHAAN",2 Tone,Redeye / Birdwatcher Records,Experimental / Noise,,754697444288,LP, $18.58 ,Apr-18
CON106,LOW CUT CONNIE,Call Me Sylvia,Redeye / Contender Records,Rock-Pop,,603967153415,LP, $19.93 ,Jul-12
GRA033,U.S. MAPLE,Long Hair In Three Stages,Redeye / SKiN GRAFT Records,Rock-Pop,,647216603313,LP, $17.97 ,Jun-13
SUS002,"GARZON-MONTANO, GABRIEL",Bishoune: Alma del Huila,Redeye / Styles Upon Styles,Soul / Funk / R&B,,819162016985,LP, $15.20 ,Jun-15
TE134,MANNEQUIN PUSSY,Gypsy Pervert,Redeye / Tiny Engines,Rock-Pop,,633757251410,LP, $17.97 ,Sep-14
TLR113,BARDO POND AND YO LA TENGO,Parallelogram a la carte: Bardo Pond and Yo La Tengo (matchbook packaging),Redeye / Three Lobed Recordings,Rock-Pop,,711574790210,LP, $26.60 ,Jul-17
TE102,TIGERS JAW,Sprit Desire - 7,Redeye / Tiny Engines,Rock-Pop,,633757243477,"7""", $8.49 ,Aug-09
FN564,"FEATURES, THE",X-Features,SD / Flying Nun,Rock-Pop,,942190363254,LP, $16.00 ,Nov-16
04297-8243-2,C418,Minecraft Volume Alpha,SD / Ghostly Int'l,Electronic,,804297824321,CD, $12.00 ,Aug-15
56605-1468-2,A PLACE TO BURY STRANGERS,Pinned (Brainwashing Machine Edition - ltd),SD / Dead Oceans,Rock-Pop,INDIE ONLY,656605146829,CDx2, $12.00 ,Apr-18
44553-0608-5,"ORWELLS, THE",Remember When,Redeye / Autumn Tone Records,Rock-Pop,,844553060858,CD, $12.96 ,May-13
BTV056,UNWED SAILOR,The Marionette and The Music Box ,Redeye / Burnt Toast Vinyl,Rock-Pop,,634457175617,LP, $11.98 ,IMMEDIATE
THRILL459C,"SEA AND CAKE, THE",Any Day (Clear Vinyl),Thrill Jockey,Rock-Pop,INDIE ONLY,790377459111,LP, $18.67 ,May-18
THRILL460,"BODY, THE","I Have Fought Against It, But I Can't Any Longer",Thrill Jockey,Metal,,790377046014,LPx2, $22.25 ,May-18
YEP2592,"STRAY BIRDS, THE",Let It Pass,Yep Roc Records,Folk,,634457259218,LP, $18.58 ,CANCELLED
DG051,WAXAHATCHEE,American Weekend,Redeye / Don Giovanni,Rock-Pop,,616822103715,LP, $15.20 ,IMMEDIATE
23339-0007-2,"TAMBLYN, IAN",Through The Years ['76 - '92],North Track Records,Folk,,623339000727,CD, $11.50 ,IMMEDIATE
23339-1233-2,BRAIN SIZE 61,National Pinecone,Disques Milagro,Punk / Rock,,623339123327,CD, $11.00 ,Sep-07
23339-1632-2,HTRK,"Work (Work, work)",SD / Ghostly Int'l,Electronic,,623339163224,CD, $12.00 ,IMMEDIATE
23339-1309-1,SHOTGUN JIMMIE,Still Jimmie,You've Changed Records,Rock-Pop,,623339130912,LP, $12.24 ,Mar-09
23339-1348-2,"EVANS, KELLYLEE",The Good Girl,Enliven! Meida,Soul / Rock-Pop,Canadian: Toronto,623339134828,CD, $11.50 ,Feb-10
23339-1358-2,MUSKOX,5 Pieces,Standard Form,Rock-Pop / Jazz,Canadian: Toronto,623339135825,CD, $12.33 ,Oct-09
23339-1367-2,MICROBUNNY,49 Swans,Static Clang,Electronic,Canadian: Burlington,623339136723,CD, $11.00 ,Jul-10
23339-1369-2,FINEST KIND,Heart's Delight,Fallen Angle Music,Folk,Canadian: Ottawa,623339136921,CD, $11.50 ,IMMEDIATE
23339-1501-2,BEXAR BEXAR,Tropism,SD / Western Vinyl,Rock-Pop,,623339150125,CD, $12.00 ,Jul-07
23339-1502-2,SIX TWILIGHTS,Six Twilights,SD / Western Vinyl,Rock-Pop,,623339150224,CD+DVD, $12.00 ,Oct-07
23339-1541-2,"DUNN, BRIAN",TVs and Radios,Cosmic Dave's,Rock-Pop,,623339154123,CD, $11.00 ,Jul-12
23339-1601-2,I LOVE YOU,Bell Ord Forrest,SD / Joyful Noise,Rock-Pop,,623339160124,CD, $12.00 ,IMMEDIATE
23339-1635-2,VARIOUS ARTISTS,Horizon Line/Ghostly By Night,SD / Ghostly Int'l,Electronic,,623339163521,CD, $12.00 ,IMMEDIATE
23339-3072-2,TAGADA JONES,Le feu aux poudres,Indica,Francophone: Rock-Pop,,623339307222,CD, $11.99 ,Aug-06
23339-3004-2,FREEWORM,Vegetation=Fuel,Indica,Electronic,,623339300421,CD, $11.00 ,Oct-00
23339-2102-2,"KIRKPATRICK, JOHN",With Coat Tails Flying,Redeye / Fledg'ling Records,Folk,,623339210225,CD, $12.96 ,8-Nov-17
23339-2103-2,SURGEON,Hello Oslo,Redeye / Ariwa Sounds,Jazz,,623339210324,CD, $11.96 ,1-Jan-93
23339-2014-2,"GRYNER, EMM",The Best Of Emm Gryner [bonus disc with first 1000 copies] ,Dead Daisy Records,Rock-Pop,,623339201421,CD, $11.00 ,Oct-12
23339-2008-2,"GRYNER, EMM",Songs Of Love And Death,Dead Daisy Records,Rock-Pop,,623339200820,CD, $11.00 ,Jan-05
23339-2001-2,"GRYNER, EMM","Original Leap Year, The ",Dead Daisy Records,Rock-Pop,,623339200127,CD, $12.24 ,
23339-1800-2,WRONG WORDS,Wrong Words,SD / Trouble In Mind,Rock-Pop,,623339180023,CD, $12.00 ,IMMEDIATE
23339-1750-2,DIEGO & THE DISSIDENTS,Contaminated Waters,SD / Quite Scientific Records,Rock-Pop,,623339175029,CD, $10.00 ,IMMEDIATE
23339-1689-2,"LYNCH, JULIAN",Terra,SD / Underwater Peoples,Rock-Pop,,623339168922,CD, $12.00 ,IMMEDIATE
23339-1801-2,PAPERHEAD,Paperhead,SD / Trouble In Mind,Rock-Pop,,623339180122,CD, $12.00 ,IMMEDIATE
75020-9477-2,MADEMOIZELLE FIZZ,Mademoizelle Fizz Chante Henri Salvador,Goego,Francophone: Rock-Pop,Canadian: Québec,775020947726,CD, $10.50 ,Jun-09
75020-8710-2,"EHRHARDT, JANE",Songs From the Trajectory,P572,Folk,,075020871021,CD, $4.55 ,IMMEDIATE
75020-8005-2,"LEFRANCOIS, GUY",Étrange Mélodie,Les Disques Musivox,Francophone: Rock- Pop,,775020800526,CD, $11.00 ,May-07
75020-7517-2,"GRYNER, EMM",Summer Of High Hopes,Dead Daisy Records,Rock-Pop,,775020751729,CD, $11.00 ,Sep-06
75020-5917-2,"MCLEAN, STUART",A Story-Gram From The Vinyl Café,Vinyl Café,Spoken Word/Comedy,Canadian: Toronto,775020591721,CDx2, $10.00 ,Oct-04
75020-5602-2,"BARMITZVAH BROTHERS, THE",Mr. Bones' Walk-in Closet,weewerk,Rock-Pop,,775020560222,CD, $11.00 ,Jun-04
75020-5329-2,"DOYLE, TERESA",Orra Chan,Bedlam Records,Folk / Roots,,775020532922,CD, $11.50 ,
75020-4731-2,VARIOUS ARTISTS,Midnite Blues Party Vol. 2,Electro-Fi Records,Blues,,775020473126,CD, $11.50 ,
75020-4476-2,"VARIOUS ARTISTS / DARGE, KEB",Keb Darge Presents Funk For The 21st Century [feat. Sharon Jones],Do Right! Music,Funk-Soul,,775020447622,CD, $12.24 ,Apr-06
75020-0761-2,"GRYNER, EMM",Science Fair,Dead Daisy Records,Rock-Pop,,775020076129,CD, $12.24 ,Nov-99
75020-1251-2,VARIOUS ARTISTS,Upside 'N' Down Tight,Electro-Fi Records,Blues,,775020125124,CD, $11.50 ,
40016-3400-6,"ROGERS, ROY",Into The Wild Blue,Redeye / Chops Not Chaps,Rock-Pop,,740016340065,CD, $12.96 ,Jun-15
46834-1038-2,"REED, ELI PAPERBOY & THE TRUE LOVES",Roll with You,Redeye / Q Division,Soul / R&B / Funk,,746834103820,CD, $12.96 ,IMMEDIATE
01237-1279-2,"DELMHORST, KRIS",Songs For A Hurricane,Redeye / Signature Sounds,Folk,,701237127927,CD, $12.96 ,IMMEDIATE
01237-1299-2,"DELMHORST, KRIS",Strange Conversation,Redeye / Signature Sounds,Folk,,701237129921,CD, $12.96 ,IMMEDIATE
77603-0006-2,"HOPKINS, JON",Opalescent,Redeye / Just Music,Electronic,,677603000623,CD, $12.96 ,8-Dec-08
59656-1018-2,HELLA,Hold Your Horse Is,5RC,Rock-Pop,,759656101820,CD, $14.25 ,1-May-09
66017-0239-2,FORT LAUDERDALE,Time Is Of The Essence ,Redeye / Memphis Industries,Rock-Pop,,666017023922,CD, $12.96 ,IMMEDIATE
66017-0605-6,J XAVERRE,Great All Great,Redeye / Memphis Industries,Rock-Pop,,666017060569,CDS, $5.99 ,IMMEDIATE
66017-1906-2,LONDON ELEKTRICITY,Syncopated City,Redeye / Hospital Records,Electronic,,666017190624,CD , $11.98 ,Sep-08
34457-5214-2,"KILBEY, STEVE & MARTIN KENNEDY",Unseen Music/Unheard Words,Redeye / Second Motion,Rock / Crossfile: The Church & All India Radio,,634457521421,CD, $12.96 ,Jan-10
CSN100LE,YUMI ZOUMA,Willowbank (Indie only white vinyl),Redeye / Cascine,Electronic,INDIE ONLY,600246985712,LP, $18.91 ,Oct-17
DG051X,WAXAHATCHEE,American Weekend (WHITE VINYL),Redeye / Don Giovanni,Rock-Pop,,634457769410,LP, $16.09 ,Jul-17
FOF126,KYSON,The Water's Way,Redeye / Friends Of Friends,Electronic,,730003812613,LP, $17.97 ,Sep-13
FOF164,ANENON,Tongue (limited edtion opaque vinyl),Redeye / Friends Of Friends,Electronic,INDIE ONLY,634457850415,LP, $15.93 ,Feb-18
IARC0006,AHLEUCHATISTAS,Arrebato,Redeye / International Anthem Recording Co.,Rock-Pop,,789397779811,LP, $17.97 ,Oct-15
IT12002,MOLLUSC,Mollusc EP,Redeye / It Records,Rock-Pop,,634457873018,"12"" EP", $20.47 ,Jul-18
MEDIC23,BOP,The Amazing Adventures Of One Curious Pixel,Redeye / Med School,Electronic,,5060208840940,LP + CD, $12.96 ,May-11
MI031LP,BROADWAY PROJECT,The Vessel,Redeye / Memphis Industries,Rock-Pop,,666017063416,LP, $19.93 ,IMMEDIATE
MI059LP,ABSENTEE,Schmotime,Redeye / Memphis Industries,Rock-Pop,,5050954122513,LP, $19.93 ,IMMEDIATE
MI0183,COLOURMUSIC,My (Blank) Is Pink,Redeye / Memphis Industries,Rock-Pop,,5060146092418,LP, $19.93 ,May-11
MP275,LADY LAMB,Tender Warriors Club,Redeye / Mom+Pop,Rock-Pop,,858275034813,"12""", $17.95 ,13-Jan-17
NHSCS07,LONDON ELEKTRICITY,Classic Symptoms 7,Redeye / Hospital Records,Electronic,,5060208846072,LP, $6.97 ,Feb-09
NHSS020,MARCUS INTALEX & S.T FILES,Taking Over Me,Redeye / Hospital Records,Electronic,,5060208849660,LP, $10.01 ,Jul-00
NHSS030,VARIOUS ARTISTS,Plastic Surgery 2,Redeye / Hospital Records,Electronic,,666017018812,"12""x4", $24.94 ,Apr-01
NHSS055,LONDON ELEKTRICITY,Billion Dollar Gravy,Redeye / Hospital Records,Electronic,,666017057163,LP, $6.79 ,May-03
NHSS069,VARIOUS ARTISTS,Weapons of Mass Creation,Redeye / Hospital Records,Electronic,,666017082011,"12""x3", $12.96 ,Dec-04
NHSS078,CYANTIFIC,Output,Redeye / Hospital Records,Electronic,,666017095462,LP, $8.94 ,Oct-04
NHSS079,SYNCOPIX,General Hospital,Redeye / Hospital Records,Electronic,,666017095561,LP, $8.94 ,Nov-04
NHSS083,NU:TONE,Three Bags Full,Redeye / Hospital Records,Electronic,,666017101767,LP, $8.94 ,Feb-05
NHSS086,VARIOUS ARTISTS,Weapons Of Mass Creation 2 Sampler,Redeye / Hospital Records,Electronic,,666017107561,LP, $6.79 ,Apr-05
NHSS090,HIGH CONTRAST,When The Lights Go Down,Redeye / Hospital Records,Electronic,,666017111063,LP, $6.79 ,Jun-05
NHSS093,Q-PROJECT,Hello My Name Is Q-Project,Redeye / Hospital Records,Electronic,,666017120263,LP, $8.94 ,Aug-05
NHSS096,LOGISTICS,Release The Pressure,Redeye / Hospital Records,Electronic,,666017125466,LP, $12.96 ,Sep-05
NHSS099,SYNCOPIX,Travellin' Man,Redeye / Hospital Records,Electronic,,666017129068,LP, $8.94 ,May-05
NHSS122,NU:TONE FEATURING TALC,Back Of Beyond,Redeye / Hospital Records,Electronic,,666017164311,LP, $12.96 ,Jun-07
NHSS125,HIGH CONTRAST,In-A-Gadda-Da-Vida,Redeye / Hospital Records,Electronic,,666017169767,LP, $6.97 ,Sep-07
NHSS195,HIGH CONTRAST FEATURING TI�STO & UNDERWORLD,The First Note Is Silent,Redeye / Hospital Records,Electronic,,5060208841725,LP, $6.97 ,Oct-11
NHSS205,LOGISTICS,We Are One,Redeye / Hospital Records,Electronic,,5060208842562,LP, $6.97 ,Dec-12
NHSS207,CAMO & KROOKED,Between The Lines,Redeye / Hospital Records,Electronic,,5060208842586,LP, $6.97 ,Mar-12
NHSS219,S.P.Y,What The Future Holds,Redeye / Hospital Records,Electronic,,5060208843651,"12""x4", $24.94 ,Jan-12
OPAL066,PATRICIA,Bem Inventory,Redeye / Opal Tapes,Electronic,,634457715912,LP, $21.92 ,Apr-16
SDMR0017,"BONHAM, TRACY",Modern Burdens,Redeye / Second Motion,Rock-Pop,,708744972842,LP, $21.92 ,Nov-17
SUND5308X,"STRAWBERRY ALARM CLOCK, THE",Incense and Peppermints,"Redeye / Sundazed Music, Inc.",Rock-Pop,,90771401618,LP, $24.90 ,Feb-18
TE123,LITTLE BIG LEAGUE,These Are Good People,Redeye / Tiny Engines,Rock-Pop,,633757242616,LP, $17.97 ,Aug-13
ZIQ333,MU-ZIQ,Chewed Corners (2LP),Redeye / Planet Mu Records Ltd,Electronic,,5055300330925,LPx2, $22.92 ,IMMEDIATE
ZIQ350,VENETIAN SNARES,My Love Is A Bulldozer,Redeye / Planet Mu Records Ltd,Electronic,,5055300374608,LPx2, $22.92 ,Jun-14
MI0295,MENACE BEACH,Lowtalker,Redeye / Memphis Industries,Rock-Pop,,5060146094481,"12"" EP", $10.99 ,Feb-14
ZIQ130,MU-ZIQ,"Ease Up - 12""",Redeye / Planet Mu Records Ltd,Electronic,,600116813015,"12""", $10.01 ,IMMEDIATE
ZIQ178,FFF,"The Feeling - 12""",Redeye / Planet Mu Records Ltd,Electronic,,600116817815,"12""", $10.01 ,IMMEDIATE
ZEN48,"TOBIN, AMON",Supermodified,Ninja Tune,Electronic,,5021392215181,2xLP, $27.00 ,Mar-14
21392-9242-2,BUSDRIVER,Perfect Hair,Ninja Tune / Big Dada,Hip Hop,,5021392924229,CD, $12.70 ,Sep-14
ZEN12173,COLDCUT feat. JON SPENCER,Everything Is Under Control,Ninja Tune,Electronic,,5021392426167,"12""", $9.50 ,Nov-05
ZEN12179,COLDCUT,Walk A Mile [Part 1],Ninja Tune,Pop-Rock,,5021392442167,"12""", $9.50 ,Aug-06
ZEN169,DAEDELUS,Bespoke,Ninja Tune,Electronic,,5021392655185,LP, $17.56 ,Apr-11
BD177,DELS,Gob,Ninja Tune / Big Dada,Electronic,,5021392177861,"12""", $11.22 ,IMMEDIATE
BD179,DELS,Gob,Ninja Tune,Rap/Electronic,,5021392179889,LPx2, $19.62 ,May-11
BD253,DELS,Petals Have Fallen,Ninja Tune / Big Dada,HipHop / Rap,,5021392960166,LP, $20.00 ,Nov-14
21392-6941-2,DJ FOOD,The Search Engine,Ninja Tune,Electronic,,5021392694122,CD, $12.70 ,Feb-12
21392-2238-2,DOBIE,We Will Not Harm You,Ninja Tune / Big Dada,Electronic,,5021392223827,CD, $14.20 ,Feb-13
ZEN12277,DORIAN CONCEPT,Her Tears Taste Like Pears EP,Ninja Tune,Electronic,,5021392632162,"12""", $11.99 ,Apr-11
ZEN12319,EMIKA,Chemical Fever,Ninja Tune,Electronic,,5021392735160,12'', $9.83 ,Jun-12
21392-8191-2,EMIKA,Dva,Ninja Tune,Electronic,,5021392819129,CD, $14.20 ,Jun-13
ZEN12298,FALTYDL,Atlantis EP,Ninja Tune,Electronic,,5021392691169,"12""", $10.71 ,Nov-11
ZEN12328,FALTY DL,Hardcourage,Ninja Tune,Electronic,,5021392745169,12'', $11.73 ,IMMEDIATE
21392-7601-2,FALTYDL,Hardcourage,Ninja Tune,Electronic,,5021392760124,CD, $14.20 ,Jan-13
21392-8741-2,ILLUM SPHERE,Ghosts Of Then And Now,Ninja Tune,Electronic,,5021392874128,CD, $12.70 ,Feb-14
21392-7581-2,"BOYKINS III, JESSE & MELO-X",Zulu Guru,Ninja Tune,R&B,,5021392758121,CD, $14.20 ,Oct-12
21392-6461-2,"MCCLEERY, JONO",There Is,Ninja Tune / Counter Records,Alternative,,5021392646121,CD, $12.70 ,Sep-11
BD254,"TEMPEST, KATE",Circles,Ninja Tune / Big Dada,Electronic,,5054429000139,"12""", $12.00 ,IMMEDIATE
21392-8911-2,KELIS,Food,Ninja Tune,Pop-Soul,,5021392891125,CD, $12.70 ,Apr-14
ZEN12219,KING CANNIBAL,Aragami Style,Ninja Tune,Electronic,,5021392520162,"12""", $9.50 ,IMMEDIATE
21392-5881-2,"RHODES, LOU [from Lamb]",One Good Thing,Ninja Tune / Motion Audio,Rock-Pop / Crossfile: Lamb,,5021392588124,CD, $12.70 ,Apr-10
21392-7621-2,LUKID,Lonely At The Top,Ninja Tune / Werkdiscs,Electronic,,5021392762128,CD, $14.20 ,Oct-12
BF024,MARTYN,Masks,Ninja Tune / Brainfeeder,Electronic,,5021392690186,12'', $10.71 ,IMMEDIATE
BF028,MARTYN,Hello Darkness,File Under: Music,Rock-Pop,,5021392717166,12'', $9.83 ,Apr-12
WDNT003,MOIRE,Never Sleep,Ninja Tune / Werkdiscs,Electronic,,5021392793160,12'', $11.73 ,Mar-13
BD185,OFFSHORE,Pacer EP,Ninja Tune / Big Dada,Electronic,,5021392185866,"12""", $10.71 ,Aug-11
ZEN12309,PLUG,Run,Ninja Tune,Electronic,,5021392699264,12'', $9.83 ,Mar-12
ZEN12253,POIRIER (Ghislain Poirier),Low Ceiling,Ninja Tune ,Electronic / Dance,Canadian: Montréal,5021392578163,"12""", $10.71 ,Feb-10
COUNT003,"LEVI, POP",The Return To Form Black Magick Party,Ninja Tune / Counter Records,Rock-Pop,,5021392449180,LP, $18.75 ,Feb-07
COUNT021,"LEVI, POP",Police $ign / Terrifying,Ninja Tune / Counter Records,Rock-Pop,,5021392550176,"7""", $7.89 ,Jul-09
BD123,ROOTS MANUVA,Slime & Reason,Ninja Tune / Big Dada,Hip Hop,,5021392123882,LPx2, $20.00 ,Sep-08
BD193,SPEECH DEBELLE,Freedom Of Speech,Ninja Tune / Big Dada,Hip-Hop/Urban,,5021392194868,LP, $17.56 ,Feb-12
ZEN157,STATELESS,Matilda,Ninja Tune,Electronic,,5021392617183,LPx2, $18.99 ,Mar-11
21392-6041-2,HERBALISER,Herbal Tonic,Ninja Tune,Electronic,,5021392604121,CD, $12.24 ,Jun-10
ZEN12217,"QEMISTS, THE",Lost Weekend feat. Mike Patton,Ninja Tune,Electronic,,5021392514161,"12""", $9.50 ,IMMEDIATE
21392-6661-2,TODDLA T,Watch Me Dance,Ninja Tune,Electronic,,5021392666129,CD, $12.70 ,Sep-11
ZEN106,TREVA WHATEVA,Music's Made Of Memories,Ninja Tune,Dance / Electronic,,5021392415185,LPx3, $20.40 ,Sep-05
BD106,WILEY,My Mistakes,Ninja Tune / Big Dada,Hip Hop,,5021392106861,"12""", $9.50 ,Aug-07
BD187,WILEY,Evolve Or Be Extinct,Ninja Tune / Big Dada,Hip-Hop/Urban,,5021392187860,LPx3, $22.00 ,Jan-12
MP280X,"SULTANA, TASH",Notion (black vinyl + double-sided fold out poster),Redeye / Mom + Pop,Rock-Pop,,858275035315,LP, $15.78 ,IMMEDIATE
SA04,SOUNDTRACK - OST - KOMEDA. KRZYSZTOF,Dance Of The Vampires,Redeye / Series Aphonos / Bronzerat,OST,,5051083074414,LP, $17.97 ,Mar-14
34457-7387-2,"EYCK, CAROLINA",Fantasias for Theremin and String Quartet,Redeye / Butterscotch Records,Classical Crossover,,634457738720,CD, $12.96 ,Oct-16
60238-6342-6,"CZUKAY, HOLGER",Cinema,Redeye / Groenland Records,Electronic,,5060238634267,CDx5+DVD, $34.84 ,Mar-18
34457-2273-2,"ALVIN, DAVE",Eleven Eleven - Deluxe Edition (LIMITED),Yep Roc ,Rock-Pop,,634457227323,CD, $29.53 ,Apr-12
GI113,TYCHO,Past Is Prologue,SD / Ghostly Int'l,Electronic,,804297811314,LPx2, $19.00 ,Dec-13
SBR079LP-C1,"JARMUSCH, JIM & JOSEF VAN WISSEM",The Mystery of Heaven (Sacred Bones 10th Anniversary reissue on gold vinyl - very limited!),SD / Sacred Bones,Rock-Pop,INDIE ONLY,616892476245,LP, $16.00 ,Sep-17
RUG882T,PANDA BEAR,A Day With The Homies,Domino,Rock-Pop,INDIE ONLY,887829088217,"12"" EP", $15.40 ,Jan-18
GI138,COM TRUISE,Galactic Melt,SD / Ghostly Int'l,Electronic,,804297813813,LPx2, $19.00 ,IMMEDIATE
SSQ138,"CLEVELAND, SHANA & THE SANDCASTLES",Oh Man Cover The Ground,SD / Suicide Squeeze,Rock-Pop  crossfile: La Luz,,803238013817,LP, $16.00 ,May-15
FN568,"BATS, THE",The Deep Set,SD / Flying Nun,Rock-Pop,,942190360017,LP, $16.00 ,Feb-17
TIM096,ULTIMATE PAINTING,Green Lanes  ,SD / Trouble In Mind,,,630125982099,LP, $16.00 ,Aug-15
10079-1167-1,MMOSS,Only Children,SD / Trouble In Mind,Rock-Pop,,610079116719,CD, $12.00 ,IMMEDIATE
NS052,CHICAGO UNDERGROUND DUO,Locus,Redeye / Northern Spy,Electronic,,081159198879,LP, $17.97 ,Mar-14
SUND5361,"CASH, JOHNNY",Johnny Cash at Folsom Prison,"Redeye / Sundazed Music, Inc.",Country,,090771536112,LP, $29.94 ,15-Dec-17
YEP2060,REVEREND HORTON HEAT,Revival,Yep Roc ,Rock-Pop,,634457206014,LP, $17.77 ,Jul-12
ZIQ111,VENETIAN SNARES,Rossz Csillag Allat Szuletett (Black Vinyl),Redeye / Muziq,Electronic,,600116811110,LPx2, $26.91 ,Oct-15
CS014,"VIDAL, MICHAEL",Dream Center,SD / Captured Tracks,Rock-Pop,,857628005135,"12"" EP", $12.00 ,Jun-15
57628-0051-4,"VIDAL, MICHAEL",Dream Center,SD / Captured Tracks,Rock-Pop,,857628005142,CDEP, $10.00 ,Jun-15
TEXT018,FOUR TET,Pink,SD / TEXT / Temporary Residence,Electronic,,656605391816,LPx2, $19.00 ,Dec-15
01397-6001-2,"MAUS, JOHN",We Must Become The Pitiless Censors of Ourselves,Domino / Ribbon Music,Rock-Pop,,801397600121,CD, $11.55 ,Jun-11
KRS208,BRATMOBILE,Pottymouth,Redeye / Kill Rock Stars,Rock-Pop,,759656020817,LP, $19.67 ,Nov-14
GI190,RECONDITE,Hinterland,SD / Ghostly Int'l,Electronic,,804297819013,LPx2, $19.00 ,Nov-13
DOC146lp-C1,"ROGERSON, TOM WITH BRIAN ENO",Finding Shore (coloured vinyl),SD / Dead Oceans,Experimental / Ambient / Piano,,656605144634,LP, $16.00 ,Dec-17
92207-0010-8,ANUHEA,Anuhea,WorldSound / OneHawaii,Pop / R&B,,892207001085,CD, $9.83 ,Nov-09
23339-1275-2,"SPLEEN, THE",No More,Goego,Rock-Pop,,623339127523,CD, $11.00 ,May-08
44667-0107-2,"BIGGS, JULIE",Passions: Art Of Seduction,Ruby Records,Classical: Opera & Vocal / Adult Contemporary ,,844667010725,CD, $11.50 ,Jan-09
23339-1791-2,MALICORNE,L’Extraordinaire Tour de France,S.P.A.C.E. / Soleil Masque,Rock-Pop / Folk,,623339179126,CD, $12.70 ,IMMEDIATE
00621-9127-2,MALICORNE,Almanach,S.P.A.C.E. / Griffe,Francophone: Rock- Pop,,3300621912728,CD, $12.70 ,Mar-09
23339-1793-2,MALICORNE,Le Bestiaire,S.P.A.C.E. / Soleil Masque,Rock-Pop / Folk,,623339179324,CD, $12.70 ,IMMEDIATE
23339-1794-2,MALICORNE,Vox,S.P.A.C.E. / Soleil Masque,Rock-Pop / Folk,,623339179423,CD, $12.70 ,IMMEDIATE
23339-1792-2,MALICORNE,En public à Montréal,S.P.A.C.E. / Soleil Masque,Rock-Pop / Folk,,623339179225,CD, $12.70 ,IMMEDIATE
90377-0049-2,ISOTOPE 217,The Unstable Molecule,Thrill Jockey,Rock-Alternative,,790377004922,CD, $14.25 ,IMMEDIATE
LITA103,VARIOUS ARTISTS,"Native North America Vol. 1 - Aboriginal Folk, Rock and Country 1966-1985",Light In The Attic,Folk-Rock,,826853010313,3xLP, $53.00 ,Nov-14
26853-0103-2,VARIOUS ARTISTS,"Native North America Vol. 1 - Aboriginal Folk, Rock and Country 1966-1985",Light In The Attic,Folk-Rock,,826853010320,2xCD, $23.93 ,Nov-14
BD7295,ONYX COLLECTIVE,Fruit Stand / Snake Charmer,Ninja Tune / Big Dada,Jazz,,5054429133028,"7""", $8.50 ,Apr-18
54429-1329-0,FAKEAR,All Glows,Ninja Tune / Counter Records,Electronic / New Wave,,5054429132908,CD, $12.70 ,Apr-18
23339-1253-2,JUNË,Mon Espace,Disques Milagro,Francophone: Rock-Pop,,623339125321,CD, $11.00 ,Sep-08
SP1240LOSER,BEACH HOUSE,7 (indie only LOSER edition on opaque yellow vinyl),Sub Pop,Rock-Pop,INDIE ONLY,098787124057,LP, $18.00 ,May-18
WIG339X,ARCTIC MONKEYS,"Tranquility Base Hotel + Casino (Indie Only - limited pressing on 180g clear vinyl, gatefold with 16pg booklet)",Domino,Rock-Pop,INDIE ONLY,887828033935,LP, $20.60 ,May-18
43157-4338-4,HELLACAUST,What Is Not,Note Musik / PRC Music,Metal,Canadian,643157433842,CD, $8.21 ,May-15
43157-4346-5,ASS,Shitty Wizard Vs Super Satan,Note Musik / PRC Music,Metal / Trash,,643157434658,CD, $8.21 ,Sep-15
43157-4358-8,DEAD TEMPLE,Cult Of Acid,Note Musik / PRC Music,Metal ,,643157435884,CD, $8.21 ,Oct-15
43157-4371-6,CHEMICIDE,Episodes Of Insanity,Note Musik / PRC Music,Metal / Trash,,643157437161,CD, $9.83 ,Mar-16
43157-4371-8,FLESH,Flesh,Note Musik / PRC Music,Metal,,643157437185,CD, $8.21 ,Mar-16
43157-4372-0,DUALITY,Elektron,Note Musik / PRC Music,Metal ,,643157437208,CD, $9.83 ,Mar-16
43157-4372-8,SATURNA,Saturna,Note Musik / PRC Music,Rock-Pop,,643157437284,CD, $9.83 ,Mar-16
43157-4374-5,MERLIN,Electric Children,Note Musik / PRC Music,Metal / Psych Rock,,643157437451,CD, $9.83 ,Mar-16
43157-4376-8,REPLICANT,Worthless Desires,Note Musik / PRC Music,Metal ,,643157437680,CDEP, $7.50 ,May-16
43157-4379-6,VORTEX,The Asylum,Note Musik / PRC Music,Metal,Canadian,643157437963,CD, $9.83 ,May-16
43157-4379-7,MONTGOLFIERE,Montgolfiere,Note Musik / PRC Music,Rock-Pop,,643157437970,CD, $9.83 ,May-16
43157-4400-0,DOOM'S DAY,The Whore,PRC Music,Metal: Occult Heavy Metal,Canadian,643157440000,CD, $9.00 ,Jan-17
43157-4400-1,WRATH OF ECHOES,A Fading Bloodline,PRC Music,Metal,Canadian,643157440017,CD, $8.21 ,Jan-17
43157-4400-2,AMBIVALENCE,Hyena's Breath,PRC Music / Note Musik,Metal,,643157440024,CD, $9.00 ,Jan-17
43157-4406-5,SACCAGE,Death Crust Satanique,PRC Music / Note Musik,Black Metal,,643157440659,CD, $9.00 ,Mar-17
43157-4406-6,SPIRIT OF REBELLION,A Taste of Rebellion,PRC Music / Note Musik ,Death Metal,,643157440666,CD, $9.00 ,Mar-17
43157-4406-7,SHOW OF BEDLAM,Transfiguration,PRC Music / Note Musik,Doom,,643157440673,CD, $9.00 ,Mar-17
43157-4412-8,MONTGOLFIERE,The Fall ,Note Musik / PRC Music,Metal,,643157441281,CD, $9.83 ,Jun-17
43157-4413-1,MESRINE,Source of Hatred,Note Musik / PRC Music,Metal,,643157441311,CD, $9.83 ,Jun-17
43157-4413-2,HYBREED CHAOS,Entombed in Dark Matter ,Note Musik / PRC Music,Metal,,643157441328,CD, $9.83 ,Jun-17
43157-4413-3,SACCAGE,Recidive,Note Musik / PRC Music,Metal,,643157441335,CD, $9.83 ,Jun-17
43157-4417-3,CHEMICIDE,The Act of Retaliation,Note Musik / PRC Music,,,643157441731,CD, $9.83 ,Jun-17
43157-4419-2,OPUSCULUS,Consonant ,Note Musik / PRC Music,Metal,,643157441922,CD, $9.83 ,Jul-17
ACT9562-1,"LANDGREN, NILS",Eternal Beauty,ACT,Jazz,,614427956217,LP, $16.00 ,IMMEDIATE
ACT9039-1,"LANDGREN, NILS FUNK UNIT",Unbreakable,ACT,Jazz,,614427903914,LP, $16.00 ,Jun-17
14427-9482-2,"LUNDGREN, JAN",European Standards,ACT,Jazz,,614427948229,CD, $13.75 ,Jun-09
14427-9485-2,"SENDECKI, VLADYSLAV",Solo Piano at Schloss Elmau,ACT,Jazz,,614427948526,CD, $13.75 ,Jun-10
