"Choir Of King's College, Cambridge",1615 Gabrieli In Venice,82223170122,822231701224,$26.99,1,Super Audio CD,King's College
"Choir Of King's College, Cambridge","Britten: Saint Nicolas, Hymn To St. Cecilia, Rejoice In The Lamb",82223170032,822231700326,$16.19,1,Super Audio CD,King's College
"Choir Of King's College, Cambridge",Carols From King'S - 60th Anniversary Edition,82223170132,822231701323,$14.99,1,DVD,King's College
"Choir Of King's College, Cambridge",Duruflak: Requiem,82223170162,822231701620,$16.19,1,Super Audio CD,King's College
"Choir Of King's College, Cambridge",Easter From King'S,82223170092,822231700920,$14.99,1,DVD,King's College
"Choir Of King's College, Cambridge",English Hymn Anthems,82223170042,822231700425,$16.19,1,Super Audio CD,King's College
"Choir Of King's College, Cambridge",Evensong Live 2016,82223170152,822231701521,$14.57,1,Compact Disc,King's College
"Choir Of King's College, Cambridge","Faure: Requiem, Messe Basse, Cantique De Jean Racine",82223170052,822231700524,$16.19,1,Super Audio CD,King's College
"Choir Of King's College, Cambridge",Favourite Carols From King'S,82223170072,822231700722,$14.57,1,Compact Disc,King's College
"Choir Of King's College, Cambridge",Festival Of Nine Lessons & Carols,82223170012,822231700128,$16.19,1,Compact Disc,King's College
"Choir Of King's College, Cambridge",Hymns From King'S,82223170142,822231701422,$14.57,1,Super Audio CD,King's College
"Choir Of King's College, Cambridge",J.S. Bach: St. John Passion,82223170182,822231701828,$16.19,1,Super Audio CD,King's College
"Choir Of King's College, Cambridge",Mozart: Requiem - Realisations,82223170022,822231700227,$16.19,1,Super Audio CD,King's College
"Choir Of King's College, Cambridge",Vaughan Williams: Dona Nobis Pacem; Bernstein: Chichester Psalms,82223170212,822231702122,$16.19,1,Super Audio CD,King's College
Guy Johnston,Tecchler'S Cello - From Cambridge To Rome,82223170262,822231702627,$14.57,1,Compact Disc,King's College
Stephen Cleobury,"Liszt,  Reubke & Mendelssohn: Organ Works",82223170102,822231701026,$16.19,1,Super Audio CD,King's College
Stephen Cleobury,The King Of Instruments - A Voice Reborn,82223170202,822231702023,$16.19,1,Super Audio CD,King's College
The King's Men,After Hours,82223170062,822231700623,$14.57,1,Compact Disc,King's College
The King's Men,Twelve Days Of Christmas,82223170172,822231701729,$14.57,1,Compact Disc,King's College
Bernard Haitink,Beethoven: Symphonies Nos.1 & 5,82223115902,822231159025,$13.53,1,Super Audio CD,LSO Live
Bernard Haitink,Beethoven: Symphonies Nos.1-9,82223115982,822231159827,$27.99,1,Super Audio CD,LSO Live
Bernard Haitink,Beethoven: Symphonies Nos.4 & 8,82223115872,822231158721,$13.53,1,Super Audio CD,LSO Live
Bernard Haitink,"Beethoven: Symphony No.3, Leonore Overture No.2",82223115802,822231158028,$13.53,1,Super Audio CD,LSO Live
Bernard Haitink,"Beethoven: Symphony No.7, Triple Concerto",82223115782,822231157823,$13.53,1,Super Audio CD,LSO Live
Bernard Haitink,Beethoven: Symphony No.9,82223115922,822231159223,$13.53,1,Super Audio CD,LSO Live
Bernard Haitink,Brahms: Symphony No.4,82223110572,822231105725,$10.41,1,Compact Disc,LSO Live
Bernard Haitink,Bruckner: Symphony No.9,82223117462,822231174622,$14.57,1,Super Audio CD,LSO Live
Daniel Harding,"Turnage: Speranza, From The Wreckage",82223117442,822231174424,$14.57,1,Super Audio CD,LSO Live
Francois-Xavier Roth,The Panufnik Legacies Ii,82223150702,822231507024,$10.41,1,Compact Disc,LSO Live
Gianandrea Noseda,Verdi: Requiem,82223118002,822231180029,$14.57,1,Super Audio CD,LSO Live
London Symphony Chorus,Rachmaninov: All-Night Vigil (Vespers),82223117812,822231178125,$14.57,1,Super Audio CD,LSO Live
Lso Percussion Ensemble,"Reich: Sextet, Clapping Music, Music For Pieces Of Wood",82223150731,822231507314,$27.99,1,Vinyl LP Record,LSO Live
Lso Percussion Ensemble,"Reich: Sextet, Clapping Music, Music For Pieces Of Wood",82223150732,822231507321,$14.57,1,Super Audio CD,LSO Live
Lso String Ensemble,Schubert/Mahler: Death & The Maiden; Shostakovich/Barshai: Chamber Symphony,82223117862,822231178620,$14.57,1,Super Audio CD,LSO Live
Lso String Ensemble,Tchaikovsky: Serenade For Strings; Bartok: Divertimento,82223117522,822231175223,$14.57,1,Super Audio CD,LSO Live
Lso String Ensemble,Vaughan Williams: Fantasia On A Theme Of Tallis,82223117922,822231179221,$14.57,1,Super Audio CD,LSO Live
Lso Wind Ensemble,Mozart: Serenade No.10 Gran Partita'S,82223150752,822231507529,$14.57,1,Super Audio CD,LSO Live
Mstislav Rostropovich,Shostakovich: Symphony No.5,82223110502,822231105022,$14.57,1,Super Audio CD,LSO Live
Mstislav Rostropovich,Shostakovich: Symphony No.8,82223110272,822231102724,$14.57,1,Super Audio CD,LSO Live
Mstislav Rostropovich,Shostakovich: Symphony No.8,82223110602,822231106029,$10.41,1,Compact Disc,LSO Live
Richard Farnes,Britten: The Turn Of The Screw,82223117492,822231174929,$16.19,1,Super Audio CD,LSO Live
Richard Kaufman,Dmitri Tiomkin - The Greatest Film Scores,82223117202,822231172024,$16.19,1,Super Audio CD,LSO Live
Sir Colin Davis,Beethoven: Fidelio,82223115932,822231159322,$16.99,1,Super Audio CD,LSO Live
Sir Colin Davis,Berlioz: Benvenuto Cellini,82223116232,822231162322,$16.99,1,Super Audio CD,LSO Live
Sir Colin Davis,Berlioz: Grande Messe Des Morts,82223117292,822231172925,$16.19,1,Super Audio CD,LSO Live
Sir Colin Davis,Berlioz: La Damnation De Faust,82223110082,822231100829,$15.20,1,Compact Disc,LSO Live
Sir Colin Davis,Berlioz: L'Enfance Du Christ,82223116062,822231160625,$16.19,1,Super Audio CD,LSO Live
Sir Colin Davis,Britten: Peter Grimes,82223110542,822231105428,$16.99,1,Compact Disc,LSO Live
Sir Colin Davis,Dvorak: Symphonies Nos.6-9,82223110712,822231107125,$16.99,1,Compact Disc,LSO Live
Sir Colin Davis,Dvorak: Symphony No.6,82223110592,822231105923,$10.41,1,Compact Disc,LSO Live
Sir Colin Davis,"Elgar: Enigma Variations, Introduction & Allegro",82223116092,822231160922,$14.57,1,Super Audio CD,LSO Live
Sir Colin Davis,Elgar: Symphony No.3,82223110192,822231101925,$10.41,1,Compact Disc,LSO Live
Sir Colin Davis,Handel: Messiah,82223116072,822231160724,$16.99,1,Super Audio CD,LSO Live
Sir Colin Davis,Haydn: Die Jahrezeiten,82223117082,822231170822,$16.19,1,Super Audio CD,LSO Live
Sir Colin Davis,Haydn: Die Schopfung,82223116282,822231162827,$16.19,1,Super Audio CD,LSO Live
Sir Colin Davis,"Haydn: Symphonies Nos.92, 93, 97, 98 & 99",82223117022,822231170228,$16.99,1,Super Audio CD,LSO Live
Sir Colin Davis,Holst: The Planets,82223110292,822231102922,$10.41,1,Compact Disc,LSO Live
Sir Colin Davis,Macmillan: Confession Of Isobel Gowdie,82223111242,822231112426,$10.41,1,Compact Disc,LSO Live
Sir Colin Davis,Macmillan: St John Passion,82223116712,822231167129,$16.19,1,Super Audio CD,LSO Live
Sir Colin Davis,Nielsen: Symphonies Nos.1 & 6,82223117152,822231171522,$13.53,1,Super Audio CD,LSO Live
Sir Colin Davis,Nielsen: Symphonies Nos.1-6,82223117892,822231178927,$24.99,1,Super Audio CD,LSO Live
Sir Colin Davis,Nielsen: Symphonies Nos.2 & 3,82223117222,822231172222,$13.53,1,Super Audio CD,LSO Live
Sir Colin Davis,"Sibelius: Symphonies Nos.1-7, Kullervo, The Oceanides, Pohjola'S Daughter",82223116752,822231167525,$29.99,1,Super Audio CD,LSO Live
Sir Colin Davis,Sibelius: Symphonies Nos.3 & 7,82223110522,822231105220,$13.53,1,Super Audio CD,LSO Live
Sir Colin Davis,Sibelius: Symphonies Nos.5 & 6,82223115372,822231153726,$13.53,1,Super Audio CD,LSO Live
Sir Colin Davis,"Sibelius: Symphony No.2, Pohjola'S Daughter",82223116052,822231160526,$13.53,1,Super Audio CD,LSO Live
Sir Colin Davis,Sir Colin Davis Anthology,82223117662,822231176626,$27.99,1,Super Audio CD,LSO Live
Sir Colin Davis,Smetana: Ma Vlast,82223110162,822231101628,$14.57,1,Super Audio CD,LSO Live
Sir Colin Davis,Verdi: Falstaff,82223110282,822231102823,$16.99,1,Super Audio CD,LSO Live
Sir Colin Davis,Verdi: Otello,82223117002,822231170020,$16.99,1,Super Audio CD,LSO Live
Sir Colin Davis,"Walton: Belshazzar'S Feast, Symphony No.1",82223116812,822231168126,$13.53,1,Super Audio CD,LSO Live
Sir Colin Davis,Weber: Der Freischutz,82223117262,822231172628,$16.19,1,Super Audio CD,LSO Live
Sir John Eliot Gardiner,Mendelssohn: A Midsummer Night'S Dream,82223117952,822231179528,$16.99,1,Super Audio CD,LSO Live
Sir John Eliot Gardiner,Mendelssohn: Symphonies Nos.1 & 4,82223117692,822231176923,$16.99,1,Super Audio CD,LSO Live
Sir John Eliot Gardiner,Mendelssohn: Symphony No.2,82223118032,822231180326,$16.99,1,Super Audio CD,LSO Live
Sir John Eliot Gardiner,"Mendelssohn: Symphony No.3, Hebrides Overture; Schumann: Piano Concerto",82223117652,822231176527,$16.99,1,Super Audio CD,LSO Live
Sir John Eliot Gardiner,"Mendelssohn: Symphony No.5, Overtures",82223117752,822231177524,$16.99,1,Super Audio CD,LSO Live
Sir John Eliot Gardiner,"Stravinsky: Oedipus Rex, Apollon Musagete",82223117512,822231175124,$13.53,1,Super Audio CD,LSO Live
Sir Simon Rattle,Debussy: Pelleas Et Melisande,82223117902,822231179023,$24.99,1,Super Audio CD,LSO Live
Sir Simon Rattle,Ravel: Le Tombeau De Couperin; Dutilleux: L'Arbre Des Songes,82223130389,822231303893,$20.99,1,DVD,LSO Live
Sir Simon Rattle,Schumann: Das Paradies Und Die Peri,82223117822,822231178224,$26.99,1,Super Audio CD,LSO Live
Sir Simon Rattle,Stravinsky: Rite Of Spring,82223130289,822231302896,$20.99,1,DVD,LSO Live
Tenebrae,"Faure: Requiem; Bach: Partitas, Chorales & Ciaconna",82223117282,822231172826,$14.57,1,Super Audio CD,LSO Live
Thomas Ades,"Ades: Polaris, Tevot, Asyla, Brahms",82223117982,822231179825,$16.99,1,Super Audio CD,LSO Live
Valery Gergiev,Bartok: Bluebeard'S Castle,82223116852,822231168522,$13.53,1,Super Audio CD,LSO Live
Valery Gergiev,"Berlioz: Harold En Italie, La Mort De Cleopatre",82223117602,822231176022,$13.53,1,Super Audio CD,LSO Live
Valery Gergiev,Berlioz: Romeo Et Juliette,82223117622,822231176220,$16.99,1,Super Audio CD,LSO Live
Valery Gergiev,"Berlioz: Symphonie Fantastique, Waverley Overture",82223117572,822231175728,$16.99,1,Super Audio CD,LSO Live
Valery Gergiev,Brahms: German Requiem,82223117482,822231174820,$13.53,1,Super Audio CD,LSO Live
Valery Gergiev,"Brahms: Symphonies Nos.1 & 2, Tragic Overture, Haydn Variations",82223117332,822231173328,$16.19,1,Super Audio CD,LSO Live
Valery Gergiev,Brahms: Symphonies Nos.3 & 4,82223117372,822231173724,$13.53,1,Super Audio CD,LSO Live
Valery Gergiev,Debussy La Mer Jeux Prelude Laprai Dun Faune,82223116922,822231169222,$14.57,1,Super Audio CD,LSO Live
Valery Gergiev,Mahler: Symphonies Nos.1-9,82223117302,822231173021,$39.99,1,Super Audio CD,LSO Live
Valery Gergiev,Mahler: Symphony No.1,82223116632,822231166320,$14.57,1,Super Audio CD,LSO Live
Valery Gergiev,"Mahler: Symphony No.2, Adagio From Symphony No.10",82223116662,822231166627,$16.19,1,Super Audio CD,LSO Live
Valery Gergiev,Mahler: Symphony No.4,82223116622,822231166221,$13.53,1,Super Audio CD,LSO Live
Valery Gergiev,Mahler: Symphony No.7,82223116652,822231166528,$13.53,1,Super Audio CD,LSO Live
Valery Gergiev,Mahler: Symphony No.9,82223116682,822231166825,$13.53,1,Super Audio CD,LSO Live
Valery Gergiev,Prokofiev: Romeo & Juliet,82223116822,822231168225,$16.99,1,Super Audio CD,LSO Live
Valery Gergiev,Rachmaninov: Symphony No.1; Balakirev: Tamara,82223117842,822231178422,$14.57,1,Super Audio CD,LSO Live
Valery Gergiev,Rachmaninov: Symphony No.2,82223116772,822231167723,$14.57,1,Super Audio CD,LSO Live
Valery Gergiev,"Rachmaninov: Symphony No.3, Balakirev: Russia",82223117792,822231177920,$14.57,1,Super Audio CD,LSO Live
Valery Gergiev,"Ravel: Daphnis Et Chloe, Bolero, Pavane",82223116932,822231169321,$14.57,1,Super Audio CD,LSO Live
Valery Gergiev,Scriabin: Symphonies Nos.1 & 2,82223117702,822231177029,$16.19,1,Super Audio CD,LSO Live
Valery Gergiev,Scriabin: Symphonies Nos.3 & 4,82223117712,822231177128,$14.57,1,Super Audio CD,LSO Live
Valery Gergiev,"Strauss, R.: Elektra",82223117012,822231170129,$16.99,1,Super Audio CD,LSO Live
Valery Gergiev,Stravinsky: The Firebird; Bartok: Piano Concerto No.3,82223150782,822231507826,$15.20,1,Compact Disc,LSO Live
Valery Gergiev,"Szymanowski: Symphonies Nos.3 & 4, Stabat Mater",82223117392,822231173922,$13.53,1,Super Audio CD,LSO Live
Valery Gergiev,Tchaikovsky: Symphonies Nos.1-3,82223117102,822231171027,$16.19,1,Super Audio CD,LSO Live
Daniil Trifonov,Tchaikovsky: Piano Concerto No.1,82223185301,822231853015,$28.99,1,Vinyl LP Record,Mariinsky
Daniil Trifonov,Tchaikovsky: Piano Concerto No.1,82223185302,822231853022,$16.19,1,Super Audio CD,Mariinsky
Denis Matsuev,"Prokofiev: Piano Concerto No.3, Symphony No.5",82223185492,822231854920,$16.19,1,Super Audio CD,Mariinsky
Denis Matsuev,Rachmaninov: Piano Concerto No.1; Shchedrin: Piano Concerto No.2,82223185872,822231858720,$16.19,1,Super Audio CD,Mariinsky
Denis Matsuev,"Rachmaninov: Piano Concerto No.3, Paganini Rhapsody",82223185052,822231850526,$15.20,1,Super Audio CD,Mariinsky
Denis Matsuev,"Rachmaninov: Piano Concertos Nos.1 & 3, Paganini Rhapsody",82223185051,822231850519,$28.99,1,Vinyl LP Record,Mariinsky
Denis Matsuev,Shostakovich: Piano Concertos Nos.1 & 2; Shchedrin: Piano Concerto No.5,82223185092,822231850922,$15.20,1,Super Audio CD,Mariinsky
Denis Matsuev,Tchaikovsky: Piano Concertos Nos.1 & 2,82223185482,822231854821,$16.19,1,Super Audio CD,Mariinsky
Mariinsky Ballet,Jewels,82223185142,822231851424,$15.99,1,DVD,Mariinsky
Mariinsky Ballet,Jewels,82223185162,822231851622,$22.99,1,Blu-Ray DVD,Mariinsky
Mariinsky Ballet,Prokofiev: Romeo & Juliet,82223185522,822231855224,$22.99,1,DVD,Mariinsky
Valery Gergiev,Donizetti: Lucia Di Lammermoor,82223185122,822231851226,$16.99,1,Super Audio CD,Mariinsky
Valery Gergiev,Massenet: Don Quichotte,82223185232,822231852322,$16.99,1,Super Audio CD,Mariinsky
Valery Gergiev,"Mussorgsky: Pictures At An Exhibition, Night On Bare Mountain",82223185532,822231855323,$16.19,1,Super Audio CD,Mariinsky
Valery Gergiev,Prokofiev: Cinderella,82223185552,822231855521,$22.99,1,DVD,Mariinsky
Valery Gergiev,"Prokofiev: Piano Concertos Nos.4 & 5, Symphonies Nos.4, 6 & 7",82223185772,822231857723,$16.99,1,Super Audio CD,Mariinsky
Valery Gergiev,Prokofiev: Semyon Kotko,82223185922,822231859222,$22.99,1,DVD,Mariinsky
Valery Gergiev,Prokofiev: The Gambler,82223185362,822231853626,$15.99,1,DVD,Mariinsky
Valery Gergiev,Prokofiev: The Gambler,82223185402,822231854029,$22.99,1,Blu-Ray DVD,Mariinsky
Valery Gergiev,Rimsky-Korsakov: The Golden Cockerel,82223185969,822231859697,$28.99,1,DVD,Mariinsky
Valery Gergiev,Rimsky-Korsakov: The Tale Of Tsar Saltan,82223185979,822231859796,$28.99,1,DVD,Mariinsky
Valery Gergiev,Shchedrin: The Enchanted Wanderer,82223185042,822231850427,$16.99,1,Super Audio CD,Mariinsky
Valery Gergiev,Shchedrin: The Left-Hander,82223185542,822231855422,$16.99,1,Super Audio CD,Mariinsky
Valery Gergiev,Shchedrin: The Left-Hander,82223185882,822231858829,$22.99,1,DVD,Mariinsky
Valery Gergiev,Shostakovich: Symphonies Nos.1 & 15,82223185022,822231850229,$15.20,1,Super Audio CD,Mariinsky
Valery Gergiev,Shostakovich: Symphonies Nos.2 & 11,82223185072,822231850724,$15.20,1,Super Audio CD,Mariinsky
Valery Gergiev,Shostakovich: Symphonies Nos.3 & 10,82223185112,822231851127,$15.20,1,Super Audio CD,Mariinsky
Valery Gergiev,"Shostakovich: Symphonies Nos.4, 5 & 6",82223185452,822231854524,$16.99,1,Super Audio CD,Mariinsky
Valery Gergiev,Shostakovich: Symphony No.7,82223185332,822231853329,$15.20,1,Super Audio CD,Mariinsky
Valery Gergiev,Shostakovich: Symphony No.8,82223185252,822231852520,$16.19,1,Super Audio CD,Mariinsky
Valery Gergiev,"Shostakovich: Symphony No.9, Violin Concerto No.1",82223185242,822231852421,$16.19,1,Super Audio CD,Mariinsky
Valery Gergiev,Shostakovich: The Nose,82223185012,822231850120,$16.99,1,Super Audio CD,Mariinsky
Valery Gergiev,"Strauss, R.: Die Frau Ohne Schatten",82223185432,822231854326,$15.99,1,DVD,Mariinsky
Valery Gergiev,"Strauss, R.: Die Frau Ohne Schatten",82223185442,822231854425,$22.99,1,Blu-Ray DVD,Mariinsky
Valery Gergiev,Stravinsky: Oedipus Rex,82223185102,822231851028,$16.19,1,Super Audio CD,Mariinsky
Valery Gergiev,"Tchaikovsky: 1812 Overture, Marche Slave",82223185032,822231850328,$15.20,1,Super Audio CD,Mariinsky
Valery Gergiev,"Tchaikovsky: Symphonies Nos.4, 5 & 6",82223185132,822231851325,$15.99,1,DVD,Mariinsky
Valery Gergiev,"Tchaikovsky: Symphonies Nos.4, 5 & 6",82223185152,822231851523,$22.99,1,Blu-Ray DVD,Mariinsky
Valery Gergiev,Tchaikovsky: The Nutcracker,82223185931,822231859314,$28.99,1,Vinyl LP Record,Mariinsky
Valery Gergiev,"Tchaikovsky: The Nutcracker, Symphony No.4",82223185932,822231859321,$26.99,1,Super Audio CD,Mariinsky
Valery Gergiev,Verdi: Attila,82223185342,822231853428,$15.99,1,DVD,Mariinsky
Valery Gergiev,Verdi: Attila,82223185382,822231853824,$22.99,1,Blu-Ray DVD,Mariinsky
Valery Gergiev,Wagner: Das Rheingold,82223185262,822231852629,$26.99,1,Super Audio CD,Mariinsky
Valery Gergiev,Wagner: Die Walkure,82223185272,822231852728,$35.99,1,Super Audio CD,Mariinsky
Valery Gergiev,Wagner: Parsifal,82223185082,822231850823,$35.99,1,Super Audio CD,Mariinsky
